"(84,[3,10,22,34,43,46,50,51,78,79,80,83],[1.0,1.0,1.0,1.0,1.0,1.0,1.0,1.0,17.0,143331.0,7.0,40.0])"
"(84,[0,10,22,32,42,46,51,78,79,80,83],[1.0,1.0,1.0,1.0,1.0,1.0,1.0,17.0,28544.0,7.0,20.0])"
"(84,[0,10,22,32,43,46,51,78,79,80,83],[1.0,1.0,1.0,1.0,1.0,1.0,1.0,17.0,40299.0,7.0,25.0])"
"(84,[0,10,22,37,43,46,50,51,78,79,80,83],[1.0,1.0,1.0,1.0,1.0,1.0,1.0,1.0,17.0,61838.0,7.0,40.0])"
"(84,[0,12,22,32,43,46,51,78,79,80,83],[1.0,1.0,1.0,1.0,1.0,1.0,1.0,17.0,190941.0,6.0,20.0])"
"(84,[0,12,22,33,42,46,50,51,78,79,80,83],[1.0,1.0,1.0,1.0,1.0,1.0,1.0,1.0,17.0,269430.0,6.0,40.0])"
"(84,[3,7,22,34,43,46,50,51,78,79,80,83],[1.0,1.0,1.0,1.0,1.0,1.0,1.0,1.0,18.0,39493.0,10.0,30.0])"
"(84,[3,7,22,34,43,46,51,78,79,80,83],[1.0,1.0,1.0,1.0,1.0,1.0,1.0,18.0,103497.0,10.0,30.0])"
"(84,[0,6,22,35,44,46,50,51,78,79,80,83],[1.0,1.0,1.0,1.0,1.0,1.0,1.0,1.0,18.0,41879.0,9.0,25.0])"
"(84,[0,7,22,32,43,46,51,78,79,80,83],[1.0,1.0,1.0,1.0,1.0,1.0,1.0,18.0,42857.0,10.0,20.0])"
"(84,[0,7,22,30,43,46,50,51,78,79,80,83],[1.0,1.0,1.0,1.0,1.0,1.0,1.0,1.0,18.0,54440.0,10.0,20.0])"
"(84,[0,7,22,32,43,48,51,78,79,80,83],[1.0,1.0,1.0,1.0,1.0,1.0,1.0,18.0,90860.0,10.0,20.0])"
"(84,[0,19,22,40,43,46,50,51,78,79,80,83],[1.0,1.0,1.0,1.0,1.0,1.0,1.0,1.0,18.0,96869.0,8.0,40.0])"
"(84,[0,10,22,30,43,46,50,51,78,79,80,83],[1.0,1.0,1.0,1.0,1.0,1.0,1.0,1.0,18.0,161245.0,7.0,15.0])"
"(84,[0,10,22,32,43,46,50,51,78,79,80,83],[1.0,1.0,1.0,1.0,1.0,1.0,1.0,1.0,18.0,170194.0,7.0,25.0])"
"(84,[0,6,22,33,43,46,51,78,79,80,83],[1.0,1.0,1.0,1.0,1.0,1.0,1.0,18.0,179020.0,9.0,48.0])"
"(84,[0,6,22,30,42,46,51,78,79,80,83],[1.0,1.0,1.0,1.0,1.0,1.0,1.0,18.0,217439.0,9.0,28.0])"
"(84,[0,7,22,32,43,46,51,78,79,80,83],[1.0,1.0,1.0,1.0,1.0,1.0,1.0,18.0,219256.0,10.0,25.0])"
"(84,[0,10,22,35,43,46,50,51,78,79,80,83],[1.0,1.0,1.0,1.0,1.0,1.0,1.0,1.0,18.0,220754.0,7.0,24.0])"
"(84,[0,6,22,35,43,46,50,51,78,79,80,83],[1.0,1.0,1.0,1.0,1.0,1.0,1.0,1.0,18.0,228216.0,9.0,20.0])"
"(84,[0,6,22,30,42,46,50,51,78,79,80,83],[1.0,1.0,1.0,1.0,1.0,1.0,1.0,1.0,18.0,366154.0,9.0,30.0])"
"(84,[5,7,22,31,43,46,51,78,79,80,83],[1.0,1.0,1.0,1.0,1.0,1.0,1.0,18.0,352640.0,10.0,20.0])"
"(84,[3,7,22,34,43,46,51,78,79,80,83],[1.0,1.0,1.0,1.0,1.0,1.0,1.0,19.0,47235.0,10.0,20.0])"
"(84,[3,7,22,34,43,47,51,78,79,80,83],[1.0,1.0,1.0,1.0,1.0,1.0,1.0,19.0,50626.0,10.0,20.0])"
"(84,[3,7,22,34,43,47,51,78,79,80,83],[1.0,1.0,1.0,1.0,1.0,1.0,1.0,19.0,165416.0,10.0,40.0])"
"(84,[3,6,22,34,43,46,51,78,79,80,83],[1.0,1.0,1.0,1.0,1.0,1.0,1.0,19.0,208630.0,9.0,30.0])"
"(84,[2,10,22,35,46,50,51,78,79,80,83],[1.0,1.0,1.0,1.0,1.0,1.0,1.0,19.0,220558.0,7.0,35.0])"
"(84,[2,7,22,39,43,46,50,51,78,79,80,82,83],[1.0,1.0,1.0,1.0,1.0,1.0,1.0,1.0,19.0,223326.0,10.0,1721.0,35.0])"
"(84,[2,7,22,28,43,46,51,78,79,80,83],[1.0,1.0,1.0,1.0,1.0,1.0,1.0,19.0,259169.0,10.0,30.0])"
"(84,[0,10,22,32,42,46,50,51,78,79,80,83],[1.0,1.0,1.0,1.0,1.0,1.0,1.0,1.0,19.0,53355.0,7.0,12.0])"
"(84,[0,7,22,30,43,46,50,51,78,79,80,83],[1.0,1.0,1.0,1.0,1.0,1.0,1.0,1.0,19.0,105460.0,10.0,20.0])"
"(84,[0,6,22,30,43,49,51,78,79,80,83],[1.0,1.0,1.0,1.0,1.0,1.0,1.0,19.0,106183.0,9.0,35.0])"
"(84,[0,6,22,35,43,46,50,51,78,79,80,81,83],[1.0,1.0,1.0,1.0,1.0,1.0,1.0,1.0,19.0,164339.0,9.0,1055.0,70.0])"
"(84,[0,7,22,31,43,46,51,78,79,80,83],[1.0,1.0,1.0,1.0,1.0,1.0,1.0,19.0,181652.0,10.0,24.0])"
"(84,[0,12,22,32,44,46,51,78,79,80,83],[1.0,1.0,1.0,1.0,1.0,1.0,1.0,19.0,191986.0,6.0,40.0])"
"(84,[0,6,22,28,42,46,51,78,79,80,83],[1.0,1.0,1.0,1.0,1.0,1.0,1.0,19.0,192162.0,9.0,40.0])"
"(84,[0,7,22,30,43,46,51,78,79,80,83],[1.0,1.0,1.0,1.0,1.0,1.0,1.0,19.0,230165.0,10.0,12.0])"
"(84,[0,7,22,39,43,46,50,51,78,79,80,83],[1.0,1.0,1.0,1.0,1.0,1.0,1.0,1.0,19.0,248730.0,10.0,30.0])"
"(84,[0,6,22,31,43,46,50,51,78,79,80,83],[1.0,1.0,1.0,1.0,1.0,1.0,1.0,1.0,19.0,260265.0,9.0,50.0])"
"(84,[0,6,22,35,43,46,50,51,78,79,80,83],[1.0,1.0,1.0,1.0,1.0,1.0,1.0,1.0,19.0,264876.0,9.0,40.0])"
"(84,[0,7,22,35,43,47,50,51,78,79,80,83],[1.0,1.0,1.0,1.0,1.0,1.0,1.0,1.0,19.0,289227.0,10.0,16.0])"
"(84,[0,6,22,32,44,46,51,78,79,80,83],[1.0,1.0,1.0,1.0,1.0,1.0,1.0,19.0,304299.0,9.0,40.0])"
"(84,[0,6,22,33,42,46,51,78,79,80,83],[1.0,1.0,1.0,1.0,1.0,1.0,1.0,19.0,355313.0,9.0,40.0])"
"(84,[0,7,22,32,42,46,51,78,79,80,83],[1.0,1.0,1.0,1.0,1.0,1.0,1.0,19.0,355712.0,10.0,25.0])"
"(84,[0,6,22,32,42,46,50,51,78,79,80,81,83],[1.0,1.0,1.0,1.0,1.0,1.0,1.0,1.0,19.0,456736.0,9.0,2907.0,30.0])"
"(84,[4,6,22,39,43,46,50,51,78,79,80,83],[1.0,1.0,1.0,1.0,1.0,1.0,1.0,1.0,19.0,42750.0,9.0,40.0])"
"(84,[3,6,22,34,44,46,50,51,78,79,80,83],[1.0,1.0,1.0,1.0,1.0,1.0,1.0,1.0,20.0,38455.0,9.0,40.0])"
"(84,[3,7,22,34,43,46,50,51,78,79,80,83],[1.0,1.0,1.0,1.0,1.0,1.0,1.0,1.0,20.0,55263.0,10.0,40.0])"
"(84,[3,7,22,34,42,46,50,51,78,79,80,83],[1.0,1.0,1.0,1.0,1.0,1.0,1.0,1.0,20.0,239805.0,10.0,16.0])"
"(84,[3,7,22,34,47,51,78,79,80,83],[1.0,1.0,1.0,1.0,1.0,1.0,20.0,281668.0,10.0,40.0])"
"(84,[3,7,22,34,43,46,50,51,78,79,80,83],[1.0,1.0,1.0,1.0,1.0,1.0,1.0,1.0,20.0,303121.0,10.0,45.0])"
"(84,[3,7,22,34,42,46,50,51,78,79,80,83],[1.0,1.0,1.0,1.0,1.0,1.0,1.0,1.0,20.0,318865.0,10.0,40.0])"
"(84,[3,6,22,34,42,46,51,78,79,80,83],[1.0,1.0,1.0,1.0,1.0,1.0,1.0,20.0,334105.0,9.0,40.0])"
"(84,[11,22,31,43,46,51,78,79,80,83],[1.0,1.0,1.0,1.0,1.0,1.0,20.0,163205.0,11.0,36.0])"
"(84,[10,22,30,43,46,51,78,79,80,83],[1.0,1.0,1.0,1.0,1.0,1.0,20.0,244689.0,7.0,10.0])"
"(84,[0,7,22,31,42,46,51,78,79,80,83],[1.0,1.0,1.0,1.0,1.0,1.0,1.0,20.0,72055.0,10.0,40.0])"
"(84,[0,7,22,35,43,46,50,51,78,79,80,83],[1.0,1.0,1.0,1.0,1.0,1.0,1.0,1.0,20.0,109667.0,10.0,16.0])"
"(84,[0,6,22,31,46,50,51,78,79,80,82,83],[1.0,1.0,1.0,1.0,1.0,1.0,1.0,20.0,123007.0,9.0,2001.0,30.0])"
"(84,[0,6,22,31,42,46,51,78,79,80,83],[1.0,1.0,1.0,1.0,1.0,1.0,1.0,20.0,169699.0,9.0,40.0])"
"(84,[0,6,22,30,43,47,50,51,78,79,80,83],[1.0,1.0,1.0,1.0,1.0,1.0,1.0,1.0,20.0,171886.0,9.0,35.0])"
"(84,[0,6,21,30,46,51,78,79,80,83],[1.0,1.0,1.0,1.0,1.0,1.0,20.0,191948.0,9.0,40.0])"
"(84,[0,7,22,30,43,46,51,78,79,80,83],[1.0,1.0,1.0,1.0,1.0,1.0,1.0,20.0,208117.0,10.0,18.0])"
"(84,[0,6,22,29,43,46,50,51,78,79,80,83],[1.0,1.0,1.0,1.0,1.0,1.0,1.0,1.0,20.0,257509.0,9.0,40.0])"
"(84,[0,6,22,36,43,46,50,51,78,79,80,83],[1.0,1.0,1.0,1.0,1.0,1.0,1.0,1.0,20.0,273989.0,9.0,40.0])"
"(84,[0,7,21,29,41,46,50,51,78,79,80,83],[1.0,1.0,1.0,1.0,1.0,1.0,1.0,1.0,20.0,313817.0,10.0,40.0])"
"(84,[0,7,22,39,42,47,50,51,78,79,80,83],[1.0,1.0,1.0,1.0,1.0,1.0,1.0,1.0,20.0,347391.0,10.0,60.0])"
"(84,[0,6,22,35,43,46,50,51,78,79,80,83],[1.0,1.0,1.0,1.0,1.0,1.0,1.0,1.0,20.0,479296.0,9.0,40.0])"
"(84,[1,7,22,37,43,46,50,51,78,79,80,83],[1.0,1.0,1.0,1.0,1.0,1.0,1.0,1.0,20.0,115085.0,10.0,40.0])"
"(84,[1,13,22,29,43,46,50,51,78,79,80,83],[1.0,1.0,1.0,1.0,1.0,1.0,1.0,1.0,20.0,190968.0,4.0,20.0])"
"(84,[4,7,22,37,43,46,50,51,78,79,80,83],[1.0,1.0,1.0,1.0,1.0,1.0,1.0,1.0,20.0,138371.0,10.0,32.0])"
"(84,[4,7,22,30,43,46,50,51,78,79,80,83],[1.0,1.0,1.0,1.0,1.0,1.0,1.0,1.0,20.0,444554.0,10.0,25.0])"
"(84,[3,7,22,34,43,46,51,78,79,80,83],[1.0,1.0,1.0,1.0,1.0,1.0,1.0,21.0,65481.0,10.0,30.0])"
"(84,[2,7,21,39,43,47,50,51,78,79,80,83],[1.0,1.0,1.0,1.0,1.0,1.0,1.0,1.0,21.0,152200.0,10.0,40.0])"
"(84,[2,7,22,31,44,46,50,51,78,79,80,83],[1.0,1.0,1.0,1.0,1.0,1.0,1.0,1.0,21.0,402230.0,10.0,36.0])"
"(84,[0,6,22,32,44,46,51,78,79,80,83],[1.0,1.0,1.0,1.0,1.0,1.0,1.0,21.0,67244.0,9.0,40.0])"
"(84,[0,7,22,32,43,46,50,51,78,79,80,83],[1.0,1.0,1.0,1.0,1.0,1.0,1.0,1.0,21.0,99970.0,10.0,15.0])"
"(84,[0,7,22,31,43,46,51,78,79,80,83],[1.0,1.0,1.0,1.0,1.0,1.0,1.0,21.0,110677.0,10.0,40.0])"
"(84,[0,7,22,30,42,46,50,51,78,79,80,81,83],[1.0,1.0,1.0,1.0,1.0,1.0,1.0,1.0,21.0,129172.0,10.0,2907.0,40.0])"
"(84,[0,6,22,30,43,50,51,78,79,80,83],[1.0,1.0,1.0,1.0,1.0,1.0,1.0,21.0,147280.0,9.0,20.0])"
"(84,[0,7,22,28,42,46,51,78,79,80,83],[1.0,1.0,1.0,1.0,1.0,1.0,1.0,21.0,151158.0,10.0,25.0])"
"(84,[0,7,22,27,43,48,50,57,78,79,80,81,83],[1.0,1.0,1.0,1.0,1.0,1.0,1.0,1.0,21.0,160261.0,10.0,2463.0,50.0])"
"(84,[0,11,21,29,46,50,51,78,79,80,83],[1.0,1.0,1.0,1.0,1.0,1.0,1.0,21.0,196816.0,11.0,50.0])"
"(84,[0,6,22,35,43,46,50,51,78,79,80,83],[1.0,1.0,1.0,1.0,1.0,1.0,1.0,1.0,21.0,200121.0,9.0,40.0])"
"(84,[0,15,22,32,42,46,51,78,79,80,83],[1.0,1.0,1.0,1.0,1.0,1.0,1.0,21.0,200318.0,12.0,35.0])"
"(84,[0,7,22,30,43,46,51,78,79,80,82,83],[1.0,1.0,1.0,1.0,1.0,1.0,1.0,21.0,214399.0,10.0,1721.0,24.0])"
"(84,[0,22,37,42,46,50,52,78,79,80,83],[1.0,1.0,1.0,1.0,1.0,1.0,1.0,21.0,243368.0,1.0,25.0])"
"(84,[0,7,22,33,46,50,51,78,79,80,83],[1.0,1.0,1.0,1.0,1.0,1.0,1.0,21.0,250939.0,10.0,35.0])"
"(84,[0,7,22,27,46,51,78,79,80,83],[1.0,1.0,1.0,1.0,1.0,1.0,21.0,311376.0,10.0,40.0])"
"(84,[0,7,22,31,42,50,51,78,79,80,81,83],[1.0,1.0,1.0,1.0,1.0,1.0,1.0,21.0,345253.0,10.0,2174.0,40.0])"
"(84,[0,7,24,35,42,46,51,78,79,80,83],[1.0,1.0,1.0,1.0,1.0,1.0,1.0,21.0,388946.0,10.0,40.0])"
"(84,[0,18,22,33,46,50,52,78,79,80,83],[1.0,1.0,1.0,1.0,1.0,1.0,1.0,21.0,447488.0,3.0,38.0])"
"(84,[0,7,22,39,43,46,50,51,78,79,80,81,83],[1.0,1.0,1.0,1.0,1.0,1.0,1.0,1.0,21.0,448026.0,10.0,2907.0,30.0])"
"(84,[0,7,22,32,43,47,50,51,78,79,80,83],[1.0,1.0,1.0,1.0,1.0,1.0,1.0,1.0,21.0,457162.0,10.0,17.0])"
"(84,[0,6,22,36,47,50,51,78,79,80,83],[1.0,1.0,1.0,1.0,1.0,1.0,1.0,21.0,542610.0,9.0,40.0])"
"(84,[4,7,22,30,42,46,51,78,79,80,83],[1.0,1.0,1.0,1.0,1.0,1.0,1.0,21.0,204034.0,10.0,16.0])"
"(84,[3,15,22,34,43,46,50,51,78,79,80,83],[1.0,1.0,1.0,1.0,1.0,1.0,1.0,1.0,22.0,213291.0,12.0,25.0])"
"(84,[3,7,23,34,43,46,50,51,78,79,80,82,83],[1.0,1.0,1.0,1.0,1.0,1.0,1.0,1.0,22.0,228686.0,10.0,1602.0,25.0])"
"(84,[2,7,21,39,41,46,50,51,78,79,80,83],[1.0,1.0,1.0,1.0,1.0,1.0,1.0,1.0,22.0,198478.0,10.0,40.0])"
"(84,[0,7,22,30,42,46,50,51,78,79,80,83],[1.0,1.0,1.0,1.0,1.0,1.0,1.0,1.0,22.0,33551.0,10.0,40.0])"
"(84,[0,15,22,27,42,46,50,57,78,79,80,83],[1.0,1.0,1.0,1.0,1.0,1.0,1.0,1.0,22.0,37932.0,12.0,35.0])"
"(84,[0,6,22,30,42,46,50,51,78,79,80,81,83],[1.0,1.0,1.0,1.0,1.0,1.0,1.0,1.0,22.0,54164.0,9.0,14084.0,60.0])"
"(84,[0,7,22,37,43,46,50,51,78,79,80,83],[1.0,1.0,1.0,1.0,1.0,1.0,1.0,1.0,22.0,143062.0,10.0,12.0])"
"(84,[0,7,22,37,42,46,50,51,78,79,80,83],[1.0,1.0,1.0,1.0,1.0,1.0,1.0,1.0,22.0,152328.0,10.0,40.0])"
"(84,[0,7,22,33,43,48,50,51,78,79,80,83],[1.0,1.0,1.0,1.0,1.0,1.0,1.0,1.0,22.0,158522.0,10.0,35.0])"
"(84,[0,6,22,33,43,47,50,51,78,79,80,83],[1.0,1.0,1.0,1.0,1.0,1.0,1.0,1.0,22.0,178452.0,9.0,40.0])"
"(84,[0,7,22,35,43,46,50,51,78,79,80,83],[1.0,1.0,1.0,1.0,1.0,1.0,1.0,1.0,22.0,197200.0,10.0,40.0])"
"(84,[0,6,21,32,46,51,78,79,80,83],[1.0,1.0,1.0,1.0,1.0,1.0,22.0,198270.0,9.0,38.0])"
"(84,[0,6,22,30,42,46,51,78,79,80,83],[1.0,1.0,1.0,1.0,1.0,1.0,1.0,22.0,199266.0,9.0,45.0])"
"(84,[0,7,22,36,43,47,50,51,78,79,80,83],[1.0,1.0,1.0,1.0,1.0,1.0,1.0,1.0,22.0,212261.0,10.0,39.0])"
"(84,[0,6,22,31,43,46,50,51,78,79,80,83],[1.0,1.0,1.0,1.0,1.0,1.0,1.0,1.0,22.0,236427.0,9.0,20.0])"
"(84,[0,7,22,40,43,46,51,78,79,80,83],[1.0,1.0,1.0,1.0,1.0,1.0,1.0,22.0,303170.0,10.0,28.0])"
"(84,[0,10,22,29,44,46,50,51,78,79,80,83],[1.0,1.0,1.0,1.0,1.0,1.0,1.0,1.0,22.0,315476.0,7.0,40.0])"
"(84,[0,6,21,29,41,46,50,51,78,79,80,83],[1.0,1.0,1.0,1.0,1.0,1.0,1.0,1.0,22.0,388885.0,9.0,45.0])"
"(84,[0,7,22,31,43,46,51,78,79,80,83],[1.0,1.0,1.0,1.0,1.0,1.0,1.0,22.0,416165.0,10.0,40.0])"
"(84,[0,8,22,32,42,46,50,51,78,79,80,83],[1.0,1.0,1.0,1.0,1.0,1.0,1.0,1.0,22.0,537222.0,13.0,25.0])"
"(84,[3,7,22,34,43,46,51,78,79,80,83],[1.0,1.0,1.0,1.0,1.0,1.0,1.0,23.0,192028.0,10.0,35.0])"
"(84,[2,8,22,31,43,46,55,78,79,80,83],[1.0,1.0,1.0,1.0,1.0,1.0,1.0,23.0,57711.0,13.0,40.0])"
"(84,[2,7,21,39,41,46,50,51,78,79,80,83],[1.0,1.0,1.0,1.0,1.0,1.0,1.0,1.0,23.0,258120.0,10.0,40.0])"
"(84,[0,8,22,27,42,46,51,78,79,80,83],[1.0,1.0,1.0,1.0,1.0,1.0,1.0,23.0,42251.0,13.0,45.0])"
"(84,[0,6,22,33,42,46,50,51,78,79,80,83],[1.0,1.0,1.0,1.0,1.0,1.0,1.0,1.0,23.0,52753.0,9.0,50.0])"
"(84,[0,6,26,33,42,46,50,51,78,79,80,83],[1.0,1.0,1.0,1.0,1.0,1.0,1.0,1.0,23.0,86939.0,9.0,40.0])"
"(84,[0,7,22,31,43,48,54,78,79,80,83],[1.0,1.0,1.0,1.0,1.0,1.0,1.0,23.0,110998.0,10.0,40.0])"
"(84,[0,6,24,33,44,47,50,51,78,79,80,83],[1.0,1.0,1.0,1.0,1.0,1.0,1.0,1.0,23.0,134446.0,9.0,54.0])"
"(84,[0,6,22,35,42,46,51,78,79,80,83],[1.0,1.0,1.0,1.0,1.0,1.0,1.0,23.0,145917.0,9.0,25.0])"
"(84,[0,8,22,28,43,46,50,51,78,79,80,81,83],[1.0,1.0,1.0,1.0,1.0,1.0,1.0,1.0,23.0,152328.0,13.0,13550.0,50.0])"
"(84,[0,8,22,31,43,46,50,51,78,79,80,83],[1.0,1.0,1.0,1.0,1.0,1.0,1.0,1.0,23.0,161092.0,13.0,40.0])"
"(84,[0,7,22,30,42,46,50,51,78,79,80,83],[1.0,1.0,1.0,1.0,1.0,1.0,1.0,1.0,23.0,189203.0,10.0,25.0])"
"(84,[0,6,22,35,43,46,50,51,78,79,80,83],[1.0,1.0,1.0,1.0,1.0,1.0,1.0,1.0,23.0,197997.0,9.0,30.0])"
"(84,[0,10,22,29,43,46,50,51,78,79,80,83],[1.0,1.0,1.0,1.0,1.0,1.0,1.0,1.0,23.0,199011.0,7.0,3.0])"
"(84,[0,8,22,27,42,46,50,51,78,79,80,83],[1.0,1.0,1.0,1.0,1.0,1.0,1.0,1.0,23.0,213734.0,13.0,40.0])"
"(84,[0,6,21,30,45,46,51,78,79,80,83],[1.0,1.0,1.0,1.0,1.0,1.0,1.0,23.0,243723.0,9.0,40.0])"
"(84,[0,7,21,32,41,46,50,51,78,79,80,83],[1.0,1.0,1.0,1.0,1.0,1.0,1.0,1.0,23.0,278390.0,10.0,68.0])"
"(84,[0,7,21,30,41,46,50,51,78,79,80,83],[1.0,1.0,1.0,1.0,1.0,1.0,1.0,1.0,23.0,316841.0,10.0,40.0])"
"(84,[0,6,22,32,43,46,50,51,78,79,80,83],[1.0,1.0,1.0,1.0,1.0,1.0,1.0,1.0,23.0,318483.0,9.0,40.0])"
"(84,[0,6,21,32,41,46,50,51,78,79,80,83],[1.0,1.0,1.0,1.0,1.0,1.0,1.0,1.0,23.0,325179.0,9.0,40.0])"
"(84,[1,6,21,37,41,46,50,51,78,79,80,83],[1.0,1.0,1.0,1.0,1.0,1.0,1.0,1.0,23.0,145744.0,9.0,40.0])"
"(84,[7,22,42,46,50,51,78,79,80,83],[1.0,1.0,1.0,1.0,1.0,1.0,24.0,228724.0,10.0,40.0])"
"(84,[0,7,24,30,42,46,50,51,78,79,80,82,83],[1.0,1.0,1.0,1.0,1.0,1.0,1.0,1.0,24.0,83141.0,10.0,1876.0,40.0])"
"(84,[0,6,21,30,41,46,50,51,78,79,80,81,83],[1.0,1.0,1.0,1.0,1.0,1.0,1.0,1.0,24.0,83774.0,9.0,2885.0,45.0])"
"(84,[0,8,21,32,41,46,50,51,78,79,80,83],[1.0,1.0,1.0,1.0,1.0,1.0,1.0,1.0,24.0,102258.0,13.0,40.0])"
"(84,[0,8,22,32,43,46,50,51,78,79,80,83],[1.0,1.0,1.0,1.0,1.0,1.0,1.0,1.0,24.0,109456.0,13.0,25.0])"
"(84,[0,6,22,31,43,46,51,78,79,80,83],[1.0,1.0,1.0,1.0,1.0,1.0,1.0,24.0,124751.0,9.0,35.0])"
"(84,[0,6,22,31,44,46,51,78,79,80,83],[1.0,1.0,1.0,1.0,1.0,1.0,1.0,24.0,126822.0,9.0,45.0])"
"(84,[0,6,21,36,41,46,50,51,78,79,80,83],[1.0,1.0,1.0,1.0,1.0,1.0,1.0,1.0,24.0,164574.0,9.0,40.0])"
"(84,[0,6,22,29,44,46,51,78,79,80,83],[1.0,1.0,1.0,1.0,1.0,1.0,1.0,24.0,183772.0,9.0,40.0])"
"(84,[0,8,22,28,42,46,50,51,78,79,80,83],[1.0,1.0,1.0,1.0,1.0,1.0,1.0,1.0,24.0,194630.0,13.0,35.0])"
"(84,[0,8,22,28,42,46,50,51,78,79,80,83],[1.0,1.0,1.0,1.0,1.0,1.0,1.0,1.0,24.0,194630.0,13.0,35.0])"
"(84,[0,7,22,33,42,46,50,51,78,79,80,83],[1.0,1.0,1.0,1.0,1.0,1.0,1.0,1.0,24.0,208503.0,10.0,42.0])"
"(84,[0,11,22,29,42,46,50,51,78,79,80,83],[1.0,1.0,1.0,1.0,1.0,1.0,1.0,1.0,24.0,208946.0,11.0,40.0])"
"(84,[0,6,21,33,41,46,50,51,78,79,80,83],[1.0,1.0,1.0,1.0,1.0,1.0,1.0,1.0,24.0,224059.0,9.0,40.0])"
"(84,[0,8,22,31,43,46,50,51,78,79,80,83],[1.0,1.0,1.0,1.0,1.0,1.0,1.0,1.0,24.0,224238.0,13.0,40.0])"
"(84,[0,6,22,29,44,47,51,78,79,80,83],[1.0,1.0,1.0,1.0,1.0,1.0,1.0,24.0,247846.0,9.0,40.0])"
"(84,[0,6,21,29,41,46,50,51,78,79,80,83],[1.0,1.0,1.0,1.0,1.0,1.0,1.0,1.0,24.0,279175.0,9.0,40.0])"
"(84,[0,8,22,32,42,46,50,51,78,79,80,83],[1.0,1.0,1.0,1.0,1.0,1.0,1.0,1.0,24.0,302195.0,13.0,45.0])"
"(84,[0,6,22,35,43,46,50,51,78,79,80,83],[1.0,1.0,1.0,1.0,1.0,1.0,1.0,1.0,24.0,308673.0,9.0,30.0])"
"(84,[0,8,22,32,42,46,50,51,78,79,80,83],[1.0,1.0,1.0,1.0,1.0,1.0,1.0,1.0,24.0,311311.0,13.0,40.0])"
"(84,[0,8,21,28,41,46,50,51,78,79,80,83],[1.0,1.0,1.0,1.0,1.0,1.0,1.0,1.0,24.0,313956.0,13.0,40.0])"
"(84,[0,7,22,29,42,46,50,51,78,79,80,81,83],[1.0,1.0,1.0,1.0,1.0,1.0,1.0,1.0,24.0,314819.0,10.0,2174.0,40.0])"
"(84,[0,8,21,37,41,46,50,51,78,79,80,83],[1.0,1.0,1.0,1.0,1.0,1.0,1.0,1.0,24.0,321435.0,13.0,35.0])"
"(84,[0,11,21,33,41,46,50,51,78,79,80,83],[1.0,1.0,1.0,1.0,1.0,1.0,1.0,1.0,24.0,325596.0,11.0,45.0])"
"(84,[0,7,22,30,44,46,51,78,79,80,83],[1.0,1.0,1.0,1.0,1.0,1.0,1.0,24.0,369667.0,10.0,40.0])"
"(84,[0,18,22,35,46,50,52,78,79,80,83],[1.0,1.0,1.0,1.0,1.0,1.0,1.0,24.0,403107.0,3.0,40.0])"
"(84,[4,8,22,27,42,46,51,78,79,80,83],[1.0,1.0,1.0,1.0,1.0,1.0,1.0,24.0,322658.0,13.0,40.0])"
"(84,[3,16,24,34,42,46,51,78,79,80,81,83],[1.0,1.0,1.0,1.0,1.0,1.0,1.0,25.0,270276.0,5.0,1055.0,40.0])"
"(84,[8,22,31,44,47,51,78,79,80,82,83],[1.0,1.0,1.0,1.0,1.0,1.0,25.0,198813.0,13.0,1590.0,40.0])"
"(84,[2,6,22,30,43,46,51,78,79,80,83],[1.0,1.0,1.0,1.0,1.0,1.0,1.0,25.0,281412.0,9.0,35.0])"
"(84,[0,7,22,30,43,46,51,78,79,80,83],[1.0,1.0,1.0,1.0,1.0,1.0,1.0,25.0,29106.0,10.0,50.0])"
"(84,[0,6,22,33,42,48,54,78,79,80,83],[1.0,1.0,1.0,1.0,1.0,1.0,1.0,25.0,77698.0,9.0,40.0])"
"(84,[0,7,22,38,46,50,51,78,79,80,83],[1.0,1.0,1.0,1.0,1.0,1.0,1.0,25.0,122999.0,10.0,40.0])"
"(84,[0,7,22,31,43,46,51,78,79,80,83],[1.0,1.0,1.0,1.0,1.0,1.0,1.0,25.0,126110.0,10.0,40.0])"
"(84,[0,8,22,30,43,46,51,78,79,80,81,83],[1.0,1.0,1.0,1.0,1.0,1.0,1.0,25.0,143062.0,13.0,2463.0,30.0])"
"(84,[0,6,22,27,43,47,50,51,78,79,80,83],[1.0,1.0,1.0,1.0,1.0,1.0,1.0,1.0,25.0,144334.0,9.0,40.0])"
"(84,[0,6,22,38,42,46,50,51,78,79,80,83],[1.0,1.0,1.0,1.0,1.0,1.0,1.0,1.0,25.0,176520.0,9.0,40.0])"
"(84,[0,10,21,36,41,46,50,51,78,79,80,83],[1.0,1.0,1.0,1.0,1.0,1.0,1.0,1.0,25.0,189334.0,7.0,40.0])"
"(84,[0,8,22,32,43,46,51,78,79,80,83],[1.0,1.0,1.0,1.0,1.0,1.0,1.0,25.0,196947.0,13.0,40.0])"
"(84,[0,10,21,29,41,46,50,51,78,79,80,83],[1.0,1.0,1.0,1.0,1.0,1.0,1.0,1.0,25.0,217006.0,7.0,40.0])"
"(84,[0,8,22,28,42,46,50,76,78,79,80,83],[1.0,1.0,1.0,1.0,1.0,1.0,1.0,1.0,25.0,220931.0,13.0,43.0])"
"(84,[0,8,22,27,42,46,50,51,78,79,80,83],[1.0,1.0,1.0,1.0,1.0,1.0,1.0,1.0,25.0,221757.0,13.0,50.0])"
"(84,[0,10,22,33,43,47,50,51,78,79,80,83],[1.0,1.0,1.0,1.0,1.0,1.0,1.0,1.0,25.0,226802.0,7.0,40.0])"
"(84,[0,6,22,33,44,46,50,51,78,79,80,82,83],[1.0,1.0,1.0,1.0,1.0,1.0,1.0,1.0,25.0,236267.0,9.0,1590.0,40.0])"
"(84,[0,6,21,30,45,47,51,78,79,80,83],[1.0,1.0,1.0,1.0,1.0,1.0,1.0,25.0,245121.0,9.0,40.0])"
"(84,[1,8,22,32,42,46,51,78,79,80,83],[1.0,1.0,1.0,1.0,1.0,1.0,1.0,25.0,121285.0,13.0,40.0])"
"(84,[2,6,22,29,42,46,50,51,78,79,80,83],[1.0,1.0,1.0,1.0,1.0,1.0,1.0,1.0,26.0,102264.0,9.0,40.0])"
"(84,[2,6,22,31,43,47,57,78,79,80,83],[1.0,1.0,1.0,1.0,1.0,1.0,1.0,26.0,197897.0,9.0,20.0])"
"(84,[0,6,23,27,43,46,50,51,78,79,80,83],[1.0,1.0,1.0,1.0,1.0,1.0,1.0,1.0,26.0,29515.0,9.0,40.0])"
"(84,[0,6,23,27,44,46,51,78,79,80,83],[1.0,1.0,1.0,1.0,1.0,1.0,1.0,26.0,43311.0,9.0,40.0])"
"(84,[0,6,22,31,42,46,51,78,79,80,83],[1.0,1.0,1.0,1.0,1.0,1.0,1.0,26.0,82091.0,9.0,39.0])"
"(84,[0,6,23,27,43,46,51,78,79,80,83],[1.0,1.0,1.0,1.0,1.0,1.0,1.0,26.0,98114.0,9.0,40.0])"
"(84,[0,12,23,33,43,46,50,51,78,79,80,83],[1.0,1.0,1.0,1.0,1.0,1.0,1.0,1.0,26.0,113587.0,6.0,35.0])"
"(84,[0,8,22,31,43,46,51,78,79,80,83],[1.0,1.0,1.0,1.0,1.0,1.0,1.0,26.0,132179.0,13.0,40.0])"
"(84,[0,10,22,36,42,46,51,78,79,80,83],[1.0,1.0,1.0,1.0,1.0,1.0,1.0,26.0,142152.0,7.0,35.0])"
"(84,[0,8,23,38,42,46,51,78,79,80,83],[1.0,1.0,1.0,1.0,1.0,1.0,1.0,26.0,142226.0,13.0,40.0])"
"(84,[0,7,21,32,41,46,50,51,78,79,80,83],[1.0,1.0,1.0,1.0,1.0,1.0,1.0,1.0,26.0,172421.0,10.0,40.0])"
"(84,[0,6,22,30,43,46,51,78,79,80,83],[1.0,1.0,1.0,1.0,1.0,1.0,1.0,26.0,181896.0,9.0,40.0])"
"(84,[0,15,22,38,46,51,78,79,80,83],[1.0,1.0,1.0,1.0,1.0,1.0,26.0,185885.0,12.0,20.0])"
"(84,[0,7,21,36,41,46,50,51,78,79,80,83],[1.0,1.0,1.0,1.0,1.0,1.0,1.0,1.0,26.0,186463.0,10.0,40.0])"
"(84,[0,12,23,30,44,46,55,78,79,80,83],[1.0,1.0,1.0,1.0,1.0,1.0,1.0,26.0,190873.0,6.0,40.0])"
"(84,[0,8,22,28,42,46,51,78,79,80,83],[1.0,1.0,1.0,1.0,1.0,1.0,1.0,26.0,195636.0,13.0,55.0])"
"(84,[0,6,22,31,42,46,51,78,79,80,83],[1.0,1.0,1.0,1.0,1.0,1.0,1.0,26.0,201635.0,9.0,40.0])"
"(84,[0,6,22,35,44,46,50,51,78,79,80,83],[1.0,1.0,1.0,1.0,1.0,1.0,1.0,1.0,26.0,206721.0,9.0,40.0])"
"(84,[0,6,22,28,44,47,51,78,79,80,83],[1.0,1.0,1.0,1.0,1.0,1.0,1.0,26.0,209440.0,9.0,55.0])"
"(84,[0,11,24,31,44,47,51,78,79,80,81,83],[1.0,1.0,1.0,1.0,1.0,1.0,1.0,26.0,210982.0,11.0,114.0,40.0])"
"(84,[0,8,22,31,42,46,51,78,79,80,83],[1.0,1.0,1.0,1.0,1.0,1.0,1.0,26.0,239877.0,13.0,40.0])"
"(84,[0,6,23,31,42,46,50,51,78,79,80,83],[1.0,1.0,1.0,1.0,1.0,1.0,1.0,1.0,26.0,241626.0,9.0,40.0])"
"(84,[0,7,22,32,42,47,50,59,78,79,80,83],[1.0,1.0,1.0,1.0,1.0,1.0,1.0,1.0,26.0,247425.0,10.0,40.0])"
"(84,[0,6,24,35,43,46,50,58,78,79,80,83],[1.0,1.0,1.0,1.0,1.0,1.0,1.0,1.0,26.0,248057.0,9.0,40.0])"
"(84,[0,8,22,31,42,46,50,51,78,79,80,83],[1.0,1.0,1.0,1.0,1.0,1.0,1.0,1.0,26.0,264012.0,13.0,40.0])"
"(84,[0,6,22,33,42,46,50,51,78,79,80,83],[1.0,1.0,1.0,1.0,1.0,1.0,1.0,1.0,26.0,284343.0,9.0,40.0])"
"(84,[0,7,22,31,42,47,50,51,78,79,80,83],[1.0,1.0,1.0,1.0,1.0,1.0,1.0,1.0,26.0,290286.0,10.0,38.0])"
"(84,[0,7,22,31,48,50,62,78,79,80,83],[1.0,1.0,1.0,1.0,1.0,1.0,1.0,26.0,341672.0,10.0,60.0])"
"(84,[0,7,22,32,42,46,51,78,79,80,83],[1.0,1.0,1.0,1.0,1.0,1.0,1.0,26.0,362617.0,10.0,40.0])"
"(84,[0,6,22,27,42,47,51,78,79,80,83],[1.0,1.0,1.0,1.0,1.0,1.0,1.0,26.0,599057.0,9.0,37.0])"
"(84,[3,7,21,34,41,47,50,51,78,79,80,83],[1.0,1.0,1.0,1.0,1.0,1.0,1.0,1.0,27.0,108926.0,10.0,5.0])"
"(84,[2,6,21,38,41,46,50,51,78,79,80,83],[1.0,1.0,1.0,1.0,1.0,1.0,1.0,1.0,27.0,157449.0,9.0,50.0])"
"(84,[2,15,22,28,43,47,51,78,79,80,83],[1.0,1.0,1.0,1.0,1.0,1.0,1.0,27.0,194515.0,12.0,37.0])"
"(84,[0,8,22,28,42,46,50,51,78,79,80,83],[1.0,1.0,1.0,1.0,1.0,1.0,1.0,1.0,27.0,95108.0,13.0,40.0])"
"(84,[0,15,22,38,42,46,50,51,78,79,80,83],[1.0,1.0,1.0,1.0,1.0,1.0,1.0,1.0,27.0,102142.0,12.0,40.0])"
"(84,[0,6,22,33,43,46,50,51,78,79,80,83],[1.0,1.0,1.0,1.0,1.0,1.0,1.0,1.0,27.0,104423.0,9.0,40.0])"
"(84,[0,8,22,28,42,46,51,78,79,80,83],[1.0,1.0,1.0,1.0,1.0,1.0,1.0,27.0,106562.0,13.0,50.0])"
"(84,[0,9,22,27,42,46,51,78,79,80,83],[1.0,1.0,1.0,1.0,1.0,1.0,1.0,27.0,116372.0,14.0,40.0])"
"(84,[0,6,23,33,42,46,50,51,78,79,80,81,83],[1.0,1.0,1.0,1.0,1.0,1.0,1.0,1.0,27.0,169557.0,9.0,6849.0,40.0])"
"(84,[0,10,21,30,45,47,51,78,79,80,83],[1.0,1.0,1.0,1.0,1.0,1.0,1.0,27.0,221561.0,7.0,32.0])"
"(84,[0,6,21,29,41,46,50,51,78,79,80,83],[1.0,1.0,1.0,1.0,1.0,1.0,1.0,1.0,27.0,241431.0,9.0,35.0])"
"(84,[0,15,22,30,42,46,50,51,78,79,80,83],[1.0,1.0,1.0,1.0,1.0,1.0,1.0,1.0,27.0,370242.0,12.0,30.0])"
"(84,[0,6,21,30,41,46,50,53,78,79,80,83],[1.0,1.0,1.0,1.0,1.0,1.0,1.0,1.0,27.0,500068.0,9.0,36.0])"
"(84,[5,6,21,29,41,46,50,51,78,79,80,83],[1.0,1.0,1.0,1.0,1.0,1.0,1.0,1.0,27.0,214974.0,9.0,60.0])"
"(84,[1,6,21,29,41,46,50,72,78,79,80,83],[1.0,1.0,1.0,1.0,1.0,1.0,1.0,1.0,27.0,115438.0,9.0,60.0])"
"(84,[1,12,22,32,43,46,51,78,79,80,83],[1.0,1.0,1.0,1.0,1.0,1.0,1.0,27.0,147452.0,6.0,48.0])"
"(84,[3,6,21,34,43,46,51,78,79,80,83],[1.0,1.0,1.0,1.0,1.0,1.0,1.0,28.0,168524.0,9.0,38.0])"
"(84,[2,9,22,28,42,46,50,51,78,79,80,83],[1.0,1.0,1.0,1.0,1.0,1.0,1.0,1.0,28.0,134890.0,14.0,40.0])"
"(84,[2,7,21,39,41,46,50,51,78,79,80,83],[1.0,1.0,1.0,1.0,1.0,1.0,1.0,1.0,28.0,190911.0,10.0,40.0])"
"(84,[2,8,23,28,42,46,51,78,79,80,81,83],[1.0,1.0,1.0,1.0,1.0,1.0,1.0,28.0,191088.0,13.0,2354.0,60.0])"
"(84,[0,8,21,28,41,46,50,51,78,79,80,83],[1.0,1.0,1.0,1.0,1.0,1.0,1.0,1.0,28.0,103548.0,13.0,40.0])"
"(84,[0,6,21,32,43,46,51,78,79,80,83],[1.0,1.0,1.0,1.0,1.0,1.0,1.0,28.0,107189.0,9.0,40.0])"
"(84,[0,6,22,28,43,46,50,51,78,79,80,83],[1.0,1.0,1.0,1.0,1.0,1.0,1.0,1.0,28.0,134813.0,9.0,40.0])"
"(84,[0,11,21,29,41,46,50,51,78,79,80,81,83],[1.0,1.0,1.0,1.0,1.0,1.0,1.0,1.0,28.0,142764.0,11.0,7688.0,45.0])"
"(84,[0,7,21,29,41,46,50,51,78,79,80,83],[1.0,1.0,1.0,1.0,1.0,1.0,1.0,1.0,28.0,149624.0,10.0,40.0])"
"(84,[0,6,22,36,43,46,50,51,78,79,80,81,83],[1.0,1.0,1.0,1.0,1.0,1.0,1.0,1.0,28.0,154236.0,9.0,2597.0,40.0])"
"(84,[0,6,23,32,46,50,51,78,79,80,83],[1.0,1.0,1.0,1.0,1.0,1.0,1.0,28.0,193122.0,9.0,50.0])"
"(84,[0,8,22,38,43,46,50,51,78,79,80,83],[1.0,1.0,1.0,1.0,1.0,1.0,1.0,1.0,28.0,193868.0,13.0,50.0])"
"(84,[0,7,22,27,43,46,51,78,79,80,83],[1.0,1.0,1.0,1.0,1.0,1.0,1.0,28.0,204862.0,10.0,40.0])"
"(84,[0,7,22,30,42,47,50,51,78,79,80,83],[1.0,1.0,1.0,1.0,1.0,1.0,1.0,1.0,28.0,216604.0,10.0,14.0])"
"(84,[0,12,22,33,44,46,51,78,79,80,83],[1.0,1.0,1.0,1.0,1.0,1.0,1.0,28.0,226089.0,6.0,40.0])"
"(84,[0,11,21,28,45,46,51,78,79,80,83],[1.0,1.0,1.0,1.0,1.0,1.0,1.0,28.0,242832.0,11.0,36.0])"
"(84,[0,8,21,28,45,48,51,78,79,80,82,83],[1.0,1.0,1.0,1.0,1.0,1.0,1.0,28.0,302903.0,13.0,1485.0,40.0])"
"(84,[5,8,21,27,41,46,50,51,78,79,80,83],[1.0,1.0,1.0,1.0,1.0,1.0,1.0,1.0,28.0,142443.0,13.0,50.0])"
"(84,[1,11,21,37,41,46,50,51,78,79,80,83],[1.0,1.0,1.0,1.0,1.0,1.0,1.0,1.0,28.0,147951.0,11.0,80.0])"
"(84,[4,9,23,28,42,46,50,53,78,79,80,83],[1.0,1.0,1.0,1.0,1.0,1.0,1.0,1.0,28.0,293628.0,14.0,10.0])"
"(84,[3,6,22,34,44,47,50,51,78,79,80,83],[1.0,1.0,1.0,1.0,1.0,1.0,1.0,1.0,29.0,227026.0,9.0,40.0])"
"(84,[0,6,21,36,41,46,50,51,78,79,80,83],[1.0,1.0,1.0,1.0,1.0,1.0,1.0,1.0,29.0,39257.0,9.0,40.0])"
"(84,[0,7,22,28,42,46,51,78,79,80,83],[1.0,1.0,1.0,1.0,1.0,1.0,1.0,29.0,100293.0,10.0,40.0])"
"(84,[0,7,21,31,45,46,51,78,79,80,81,83],[1.0,1.0,1.0,1.0,1.0,1.0,1.0,29.0,118478.0,10.0,7298.0,50.0])"
"(84,[0,8,22,32,43,46,50,51,78,79,80,83],[1.0,1.0,1.0,1.0,1.0,1.0,1.0,1.0,29.0,142249.0,13.0,40.0])"
"(84,[0,6,23,32,44,46,51,78,79,80,83],[1.0,1.0,1.0,1.0,1.0,1.0,1.0,29.0,168526.0,9.0,25.0])"
"(84,[0,6,23,39,43,46,50,51,78,79,80,83],[1.0,1.0,1.0,1.0,1.0,1.0,1.0,1.0,29.0,189565.0,9.0,40.0])"
"(84,[0,10,21,36,41,46,50,51,78,79,80,83],[1.0,1.0,1.0,1.0,1.0,1.0,1.0,1.0,29.0,211208.0,7.0,99.0])"
"(84,[0,7,21,35,41,46,50,51,78,79,80,81,83],[1.0,1.0,1.0,1.0,1.0,1.0,1.0,1.0,29.0,255412.0,10.0,3103.0,40.0])"
"(84,[0,14,21,28,41,46,50,51,78,79,80,81,83],[1.0,1.0,1.0,1.0,1.0,1.0,1.0,1.0,29.0,293073.0,15.0,7298.0,48.0])"
"(84,[0,11,21,27,41,46,50,51,78,79,80,83],[1.0,1.0,1.0,1.0,1.0,1.0,1.0,1.0,29.0,337266.0,11.0,40.0])"
"(84,[5,9,22,28,43,46,50,51,78,79,80,83],[1.0,1.0,1.0,1.0,1.0,1.0,1.0,1.0,29.0,218555.0,14.0,40.0])"
"(84,[3,10,22,34,44,47,51,78,79,80,83],[1.0,1.0,1.0,1.0,1.0,1.0,1.0,30.0,126402.0,7.0,40.0])"
"(84,[8,22,28,42,46,50,51,78,79,80,83],[1.0,1.0,1.0,1.0,1.0,1.0,1.0,30.0,340899.0,13.0,40.0])"
"(84,[2,6,21,36,41,46,50,51,78,79,80,83],[1.0,1.0,1.0,1.0,1.0,1.0,1.0,1.0,30.0,176992.0,9.0,50.0])"
"(84,[0,7,22,27,42,46,50,51,78,79,80,81,83],[1.0,1.0,1.0,1.0,1.0,1.0,1.0,1.0,30.0,23778.0,10.0,4416.0,40.0])"
"(84,[0,8,21,31,41,46,50,51,78,79,80,83],[1.0,1.0,1.0,1.0,1.0,1.0,1.0,1.0,30.0,53373.0,13.0,40.0])"
"(84,[0,8,22,27,42,46,51,78,79,80,83],[1.0,1.0,1.0,1.0,1.0,1.0,1.0,30.0,101135.0,13.0,50.0])"
"(84,[0,6,22,31,42,46,51,78,79,80,83],[1.0,1.0,1.0,1.0,1.0,1.0,1.0,30.0,101562.0,9.0,40.0])"
"(84,[0,9,21,28,45,46,51,78,79,80,83],[1.0,1.0,1.0,1.0,1.0,1.0,1.0,30.0,113453.0,14.0,30.0])"
"(84,[0,10,22,32,44,46,51,78,79,80,83],[1.0,1.0,1.0,1.0,1.0,1.0,1.0,30.0,127875.0,7.0,8.0])"
"(84,[0,7,22,29,42,46,50,51,78,79,80,83],[1.0,1.0,1.0,1.0,1.0,1.0,1.0,1.0,30.0,143766.0,10.0,40.0])"
"(84,[0,8,21,38,41,46,50,51,78,79,80,83],[1.0,1.0,1.0,1.0,1.0,1.0,1.0,1.0,30.0,169002.0,13.0,40.0])"
"(84,[0,10,22,35,46,50,58,78,79,80,82,83],[1.0,1.0,1.0,1.0,1.0,1.0,1.0,30.0,169269.0,7.0,1721.0,38.0])"
"(84,[0,6,21,33,41,46,50,52,78,79,80,83],[1.0,1.0,1.0,1.0,1.0,1.0,1.0,1.0,30.0,229636.0,9.0,40.0])"
"(84,[0,6,21,33,46,50,51,78,79,80,82,83],[1.0,1.0,1.0,1.0,1.0,1.0,1.0,30.0,238186.0,9.0,2057.0,48.0])"
"(84,[0,6,22,27,42,47,50,51,78,79,80,83],[1.0,1.0,1.0,1.0,1.0,1.0,1.0,1.0,30.0,296462.0,9.0,40.0])"
"(84,[0,6,21,35,41,46,50,51,78,79,80,83],[1.0,1.0,1.0,1.0,1.0,1.0,1.0,1.0,30.0,446894.0,9.0,30.0])"
"(84,[1,6,21,33,43,48,50,64,78,79,80,83],[1.0,1.0,1.0,1.0,1.0,1.0,1.0,1.0,30.0,100252.0,9.0,60.0])"
"(84,[4,6,22,30,42,46,50,51,78,79,80,83],[1.0,1.0,1.0,1.0,1.0,1.0,1.0,1.0,30.0,260782.0,9.0,40.0])"
"(84,[3,16,23,34,44,46,51,78,79,80,83],[1.0,1.0,1.0,1.0,1.0,1.0,1.0,31.0,186369.0,5.0,40.0])"
"(84,[8,22,27,42,46,51,78,79,80,83],[1.0,1.0,1.0,1.0,1.0,1.0,31.0,165949.0,13.0,45.0])"
"(84,[2,6,23,28,44,46,50,51,78,79,80,83],[1.0,1.0,1.0,1.0,1.0,1.0,1.0,1.0,31.0,197550.0,9.0,33.0])"
"(84,[2,8,23,28,44,46,51,78,79,80,83],[1.0,1.0,1.0,1.0,1.0,1.0,1.0,31.0,198770.0,13.0,60.0])"
"(84,[0,8,25,31,44,46,50,51,78,79,80,83],[1.0,1.0,1.0,1.0,1.0,1.0,1.0,1.0,31.0,43607.0,13.0,60.0])"
"(84,[0,7,23,27,44,46,51,78,79,80,83],[1.0,1.0,1.0,1.0,1.0,1.0,1.0,31.0,56964.0,10.0,40.0])"
"(84,[0,8,21,31,45,46,52,78,79,80,83],[1.0,1.0,1.0,1.0,1.0,1.0,1.0,31.0,83912.0,13.0,25.0])"
"(84,[0,6,21,36,41,46,50,51,78,79,80,83],[1.0,1.0,1.0,1.0,1.0,1.0,1.0,1.0,31.0,103435.0,9.0,40.0])"
"(84,[0,11,23,29,44,46,50,51,78,79,80,83],[1.0,1.0,1.0,1.0,1.0,1.0,1.0,1.0,31.0,106014.0,11.0,40.0])"
"(84,[0,6,24,35,42,46,50,51,78,79,80,83],[1.0,1.0,1.0,1.0,1.0,1.0,1.0,1.0,31.0,122347.0,9.0,40.0])"
"(84,[0,8,22,38,42,46,51,78,79,80,83],[1.0,1.0,1.0,1.0,1.0,1.0,1.0,31.0,142921.0,13.0,40.0])"
"(84,[0,7,21,27,41,46,50,51,78,79,80,83],[1.0,1.0,1.0,1.0,1.0,1.0,1.0,1.0,31.0,156493.0,10.0,40.0])"
"(84,[0,8,21,27,41,46,50,51,78,79,80,82,83],[1.0,1.0,1.0,1.0,1.0,1.0,1.0,1.0,31.0,160594.0,13.0,1887.0,50.0])"
"(84,[0,6,21,33,41,46,50,51,78,79,80,83],[1.0,1.0,1.0,1.0,1.0,1.0,1.0,1.0,31.0,166248.0,9.0,40.0])"
"(84,[0,10,21,32,45,46,51,78,79,80,83],[1.0,1.0,1.0,1.0,1.0,1.0,1.0,31.0,169085.0,7.0,20.0])"
"(84,[0,18,21,30,41,46,50,52,78,79,80,83],[1.0,1.0,1.0,1.0,1.0,1.0,1.0,1.0,31.0,179415.0,3.0,40.0])"
"(84,[0,7,21,35,41,46,50,51,78,79,80,83],[1.0,1.0,1.0,1.0,1.0,1.0,1.0,1.0,31.0,188246.0,10.0,40.0])"
"(84,[0,6,24,38,42,46,51,78,79,80,83],[1.0,1.0,1.0,1.0,1.0,1.0,1.0,31.0,213339.0,9.0,40.0])"
"(84,[0,11,24,29,42,46,50,51,78,79,80,83],[1.0,1.0,1.0,1.0,1.0,1.0,1.0,1.0,31.0,220915.0,11.0,40.0])"
"(84,[0,6,22,36,43,47,50,51,78,79,80,83],[1.0,1.0,1.0,1.0,1.0,1.0,1.0,1.0,31.0,224234.0,9.0,40.0])"
"(84,[0,7,21,32,41,46,50,51,78,79,80,83],[1.0,1.0,1.0,1.0,1.0,1.0,1.0,1.0,31.0,236861.0,10.0,55.0])"
"(84,[0,7,23,38,44,46,51,78,79,80,83],[1.0,1.0,1.0,1.0,1.0,1.0,1.0,31.0,241797.0,10.0,40.0])"
"(84,[0,11,22,38,42,46,50,51,78,79,80,83],[1.0,1.0,1.0,1.0,1.0,1.0,1.0,1.0,31.0,289889.0,11.0,40.0])"
"(84,[0,6,22,33,42,46,50,51,78,79,80,83],[1.0,1.0,1.0,1.0,1.0,1.0,1.0,1.0,31.0,302679.0,9.0,60.0])"
"(84,[0,7,22,31,42,46,51,78,79,80,83],[1.0,1.0,1.0,1.0,1.0,1.0,1.0,31.0,386299.0,10.0,40.0])"
"(84,[0,7,21,37,41,46,50,52,78,79,80,83],[1.0,1.0,1.0,1.0,1.0,1.0,1.0,1.0,31.0,437200.0,10.0,40.0])"
"(84,[1,7,21,29,41,46,50,51,78,79,80,83],[1.0,1.0,1.0,1.0,1.0,1.0,1.0,1.0,31.0,113752.0,10.0,50.0])"
"(84,[4,9,21,28,41,46,50,51,78,79,80,83],[1.0,1.0,1.0,1.0,1.0,1.0,1.0,1.0,31.0,195181.0,14.0,35.0])"
"(84,[15,22,39,42,47,50,51,78,79,80,83],[1.0,1.0,1.0,1.0,1.0,1.0,1.0,32.0,149573.0,12.0,40.0])"
"(84,[2,7,21,39,41,46,50,56,78,79,80,83],[1.0,1.0,1.0,1.0,1.0,1.0,1.0,1.0,32.0,267859.0,10.0,50.0])"
"(84,[0,7,22,30,42,46,51,78,79,80,82,83],[1.0,1.0,1.0,1.0,1.0,1.0,1.0,32.0,28984.0,10.0,2001.0,25.0])"
"(84,[0,11,21,30,41,46,50,51,78,79,80,83],[1.0,1.0,1.0,1.0,1.0,1.0,1.0,1.0,32.0,33117.0,11.0,40.0])"
"(84,[0,6,21,32,41,46,50,51,78,79,80,83],[1.0,1.0,1.0,1.0,1.0,1.0,1.0,1.0,32.0,56150.0,9.0,40.0])"
"(84,[0,6,21,31,41,46,50,51,78,79,80,81,83],[1.0,1.0,1.0,1.0,1.0,1.0,1.0,1.0,32.0,65278.0,9.0,2580.0,40.0])"
"(84,[0,6,23,30,42,46,51,78,79,80,83],[1.0,1.0,1.0,1.0,1.0,1.0,1.0,32.0,147118.0,9.0,40.0])"
"(84,[0,6,21,29,41,46,50,51,78,79,80,83],[1.0,1.0,1.0,1.0,1.0,1.0,1.0,1.0,32.0,160458.0,9.0,50.0])"
"(84,[0,6,24,30,43,46,51,78,79,80,83],[1.0,1.0,1.0,1.0,1.0,1.0,1.0,32.0,182274.0,9.0,37.0])"
"(84,[0,8,21,29,41,46,50,51,78,79,80,83],[1.0,1.0,1.0,1.0,1.0,1.0,1.0,1.0,32.0,183977.0,13.0,55.0])"
"(84,[0,7,21,31,45,47,51,78,79,80,83],[1.0,1.0,1.0,1.0,1.0,1.0,1.0,32.0,185433.0,10.0,40.0])"
"(84,[0,8,22,27,42,46,51,78,79,80,83],[1.0,1.0,1.0,1.0,1.0,1.0,1.0,32.0,198183.0,13.0,45.0])"
"(84,[0,6,22,33,43,46,50,51,78,79,80,83],[1.0,1.0,1.0,1.0,1.0,1.0,1.0,1.0,32.0,205950.0,9.0,40.0])"
"(84,[0,10,23,30,42,46,50,51,78,79,80,83],[1.0,1.0,1.0,1.0,1.0,1.0,1.0,1.0,32.0,220690.0,7.0,33.0])"
"(84,[0,7,22,31,43,46,51,78,79,80,83],[1.0,1.0,1.0,1.0,1.0,1.0,1.0,32.0,242323.0,10.0,40.0])"
"(84,[0,18,22,30,42,46,50,52,78,79,80,83],[1.0,1.0,1.0,1.0,1.0,1.0,1.0,1.0,32.0,247328.0,3.0,40.0])"
"(84,[0,8,22,27,42,46,51,78,79,80,83],[1.0,1.0,1.0,1.0,1.0,1.0,1.0,32.0,312403.0,13.0,40.0])"
"(84,[0,6,22,30,44,47,50,51,78,79,80,83],[1.0,1.0,1.0,1.0,1.0,1.0,1.0,1.0,32.0,394708.0,9.0,40.0])"
"(84,[1,7,22,28,42,46,50,51,78,79,80,83],[1.0,1.0,1.0,1.0,1.0,1.0,1.0,1.0,32.0,109282.0,10.0,60.0])"
"(84,[2,16,21,30,41,46,50,51,78,79,80,83],[1.0,1.0,1.0,1.0,1.0,1.0,1.0,1.0,33.0,107215.0,5.0,40.0])"
"(84,[0,6,21,29,41,46,50,51,78,79,80,83],[1.0,1.0,1.0,1.0,1.0,1.0,1.0,1.0,33.0,54318.0,9.0,40.0])"
"(84,[0,8,22,29,42,46,50,51,78,79,80,81,83],[1.0,1.0,1.0,1.0,1.0,1.0,1.0,1.0,33.0,56150.0,13.0,2174.0,40.0])"
"(84,[0,9,21,28,41,46,50,51,78,79,80,83],[1.0,1.0,1.0,1.0,1.0,1.0,1.0,1.0,33.0,95530.0,14.0,50.0])"
"(84,[0,6,21,33,45,46,51,78,79,80,83],[1.0,1.0,1.0,1.0,1.0,1.0,1.0,33.0,145402.0,9.0,35.0])"
"(84,[0,6,23,29,42,46,51,78,79,80,83],[1.0,1.0,1.0,1.0,1.0,1.0,1.0,33.0,150309.0,9.0,40.0])"
"(84,[0,10,21,32,41,46,50,51,78,79,80,83],[1.0,1.0,1.0,1.0,1.0,1.0,1.0,1.0,33.0,175856.0,7.0,60.0])"
"(84,[0,9,21,28,45,46,51,78,79,80,81,83],[1.0,1.0,1.0,1.0,1.0,1.0,1.0,33.0,176410.0,14.0,5178.0,10.0])"
"(84,[0,6,21,32,41,46,50,51,78,79,80,83],[1.0,1.0,1.0,1.0,1.0,1.0,1.0,1.0,33.0,177727.0,9.0,40.0])"
"(84,[0,8,22,28,43,46,50,51,78,79,80,82,83],[1.0,1.0,1.0,1.0,1.0,1.0,1.0,1.0,33.0,187618.0,13.0,1741.0,40.0])"
"(84,[0,8,21,27,41,46,50,51,78,79,80,82,83],[1.0,1.0,1.0,1.0,1.0,1.0,1.0,1.0,33.0,196385.0,13.0,1977.0,40.0])"
"(84,[0,7,22,31,44,47,51,78,79,80,83],[1.0,1.0,1.0,1.0,1.0,1.0,1.0,33.0,202191.0,10.0,35.0])"
"(84,[0,8,21,32,41,47,50,51,78,79,80,83],[1.0,1.0,1.0,1.0,1.0,1.0,1.0,1.0,33.0,265168.0,13.0,55.0])"
"(84,[0,6,21,35,41,46,50,51,78,79,80,83],[1.0,1.0,1.0,1.0,1.0,1.0,1.0,1.0,33.0,269705.0,9.0,40.0])"
"(84,[0,6,22,33,43,46,51,78,79,80,83],[1.0,1.0,1.0,1.0,1.0,1.0,1.0,33.0,281384.0,9.0,40.0])"
"(84,[0,10,21,29,41,46,50,51,78,79,80,83],[1.0,1.0,1.0,1.0,1.0,1.0,1.0,1.0,33.0,286675.0,7.0,40.0])"
"(84,[0,8,24,28,42,46,51,78,79,80,83],[1.0,1.0,1.0,1.0,1.0,1.0,1.0,33.0,290763.0,13.0,40.0])"
"(84,[0,7,22,30,44,47,51,78,79,80,83],[1.0,1.0,1.0,1.0,1.0,1.0,1.0,33.0,479600.0,10.0,40.0])"
"(84,[5,6,21,32,41,46,50,51,78,79,80,83],[1.0,1.0,1.0,1.0,1.0,1.0,1.0,1.0,33.0,154227.0,9.0,50.0])"
"(84,[5,8,21,27,41,46,50,51,78,79,80,81,83],[1.0,1.0,1.0,1.0,1.0,1.0,1.0,1.0,33.0,291333.0,13.0,7298.0,45.0])"
"(84,[1,9,21,28,45,46,51,78,79,80,83],[1.0,1.0,1.0,1.0,1.0,1.0,1.0,33.0,48214.0,14.0,8.0])"
"(84,[1,7,21,29,41,46,50,51,78,79,80,83],[1.0,1.0,1.0,1.0,1.0,1.0,1.0,1.0,33.0,48520.0,10.0,40.0])"
"(84,[1,19,22,36,42,46,50,51,78,79,80,83],[1.0,1.0,1.0,1.0,1.0,1.0,1.0,1.0,33.0,182556.0,8.0,40.0])"
"(84,[3,6,26,34,42,48,65,78,79,80,83],[1.0,1.0,1.0,1.0,1.0,1.0,1.0,34.0,143582.0,9.0,37.0])"
"(84,[2,8,21,29,41,47,50,51,78,79,80,83],[1.0,1.0,1.0,1.0,1.0,1.0,1.0,1.0,34.0,191957.0,13.0,45.0])"
"(84,[0,9,21,27,41,46,50,51,78,79,80,82,83],[1.0,1.0,1.0,1.0,1.0,1.0,1.0,1.0,34.0,87218.0,14.0,1887.0,50.0])"
"(84,[0,8,21,38,41,46,50,51,78,79,80,83],[1.0,1.0,1.0,1.0,1.0,1.0,1.0,1.0,34.0,107914.0,13.0,47.0])"
"(84,[0,18,22,33,48,50,75,78,79,80,83],[1.0,1.0,1.0,1.0,1.0,1.0,1.0,34.0,107960.0,3.0,40.0])"
"(84,[0,7,21,33,41,46,50,55,78,79,80,83],[1.0,1.0,1.0,1.0,1.0,1.0,1.0,1.0,34.0,113364.0,10.0,40.0])"
"(84,[0,6,21,31,45,46,51,78,79,80,81,83],[1.0,1.0,1.0,1.0,1.0,1.0,1.0,34.0,145231.0,9.0,4064.0,35.0])"
"(84,[0,11,23,38,44,46,51,78,79,80,83],[1.0,1.0,1.0,1.0,1.0,1.0,1.0,34.0,147215.0,11.0,60.0])"
"(84,[0,9,22,28,43,46,51,78,79,80,83],[1.0,1.0,1.0,1.0,1.0,1.0,1.0,34.0,159303.0,14.0,30.0])"
"(84,[0,9,22,28,42,46,50,51,78,79,80,83],[1.0,1.0,1.0,1.0,1.0,1.0,1.0,1.0,34.0,189759.0,14.0,40.0])"
"(84,[0,9,22,30,42,49,50,51,78,79,80,83],[1.0,1.0,1.0,1.0,1.0,1.0,1.0,1.0,34.0,198751.0,14.0,40.0])"
"(84,[0,6,24,29,44,46,50,51,78,79,80,83],[1.0,1.0,1.0,1.0,1.0,1.0,1.0,1.0,34.0,226883.0,9.0,49.0])"
"(84,[0,7,21,32,41,46,50,51,78,79,80,83],[1.0,1.0,1.0,1.0,1.0,1.0,1.0,1.0,34.0,263908.0,10.0,50.0])"
"(84,[0,6,21,36,41,46,50,51,78,79,80,81,83],[1.0,1.0,1.0,1.0,1.0,1.0,1.0,1.0,34.0,344073.0,9.0,5013.0,40.0])"
"(84,[0,8,21,28,45,46,51,78,79,80,83],[1.0,1.0,1.0,1.0,1.0,1.0,1.0,34.0,357145.0,13.0,50.0])"
"(84,[0,6,23,29,44,47,51,78,79,80,81,83],[1.0,1.0,1.0,1.0,1.0,1.0,1.0,34.0,361978.0,9.0,1471.0,40.0])"
"(84,[5,8,21,32,41,46,50,51,78,79,80,83],[1.0,1.0,1.0,1.0,1.0,1.0,1.0,1.0,34.0,34848.0,13.0,54.0])"
"(84,[1,11,22,37,42,46,50,51,78,79,80,81,83],[1.0,1.0,1.0,1.0,1.0,1.0,1.0,1.0,34.0,163756.0,11.0,27828.0,60.0])"
"(84,[1,6,22,29,43,46,50,51,78,79,80,83],[1.0,1.0,1.0,1.0,1.0,1.0,1.0,1.0,34.0,198813.0,9.0,45.0])"
"(84,[4,8,26,37,42,47,50,53,78,79,80,83],[1.0,1.0,1.0,1.0,1.0,1.0,1.0,1.0,34.0,513100.0,13.0,40.0])"
"(84,[9,21,27,41,46,50,51,78,79,80,83],[1.0,1.0,1.0,1.0,1.0,1.0,1.0,35.0,104858.0,14.0,50.0])"
"(84,[17,21,28,41,46,50,68,78,79,80,83],[1.0,1.0,1.0,1.0,1.0,1.0,1.0,35.0,207973.0,16.0,55.0])"
"(84,[0,6,22,27,42,46,50,51,78,79,80,83],[1.0,1.0,1.0,1.0,1.0,1.0,1.0,1.0,35.0,98776.0,9.0,60.0])"
"(84,[0,11,21,30,41,46,50,51,78,79,80,83],[1.0,1.0,1.0,1.0,1.0,1.0,1.0,1.0,35.0,106448.0,11.0,40.0])"
"(84,[0,6,22,29,42,46,50,51,78,79,80,83],[1.0,1.0,1.0,1.0,1.0,1.0,1.0,1.0,35.0,116369.0,9.0,40.0])"
"(84,[0,6,21,35,41,46,50,51,78,79,80,83],[1.0,1.0,1.0,1.0,1.0,1.0,1.0,1.0,35.0,143385.0,9.0,40.0])"
"(84,[0,6,22,36,43,46,50,51,78,79,80,83],[1.0,1.0,1.0,1.0,1.0,1.0,1.0,1.0,35.0,179481.0,9.0,55.0])"
"(84,[0,9,21,27,41,46,50,51,78,79,80,82,83],[1.0,1.0,1.0,1.0,1.0,1.0,1.0,1.0,35.0,179579.0,14.0,1977.0,48.0])"
"(84,[0,7,21,39,41,46,50,51,78,79,80,83],[1.0,1.0,1.0,1.0,1.0,1.0,1.0,1.0,35.0,198841.0,10.0,56.0])"
"(84,[0,11,22,29,42,46,50,51,78,79,80,83],[1.0,1.0,1.0,1.0,1.0,1.0,1.0,1.0,35.0,203717.0,11.0,50.0])"
"(84,[0,8,22,27,42,46,50,51,78,79,80,82,83],[1.0,1.0,1.0,1.0,1.0,1.0,1.0,1.0,35.0,211494.0,13.0,1876.0,55.0])"
"(84,[0,15,22,33,42,46,50,51,78,79,80,83],[1.0,1.0,1.0,1.0,1.0,1.0,1.0,1.0,35.0,240988.0,12.0,55.0])"
"(84,[0,8,22,31,43,47,51,78,79,80,83],[1.0,1.0,1.0,1.0,1.0,1.0,1.0,35.0,249456.0,13.0,40.0])"
"(84,[0,8,21,28,41,46,50,51,78,79,80,83],[1.0,1.0,1.0,1.0,1.0,1.0,1.0,1.0,35.0,251396.0,13.0,50.0])"
"(84,[0,8,21,27,41,46,50,51,78,79,80,83],[1.0,1.0,1.0,1.0,1.0,1.0,1.0,1.0,35.0,334291.0,13.0,45.0])"
"(84,[0,6,21,33,41,46,50,52,78,79,80,83],[1.0,1.0,1.0,1.0,1.0,1.0,1.0,1.0,35.0,337239.0,9.0,40.0])"
"(84,[5,8,21,32,41,46,50,51,78,79,80,83],[1.0,1.0,1.0,1.0,1.0,1.0,1.0,1.0,35.0,165799.0,13.0,50.0])"
"(84,[5,6,21,27,41,47,50,51,78,79,80,83],[1.0,1.0,1.0,1.0,1.0,1.0,1.0,1.0,35.0,333636.0,9.0,75.0])"
"(84,[1,16,21,29,41,49,50,51,78,79,80,83],[1.0,1.0,1.0,1.0,1.0,1.0,1.0,1.0,35.0,28987.0,5.0,96.0])"
"(84,[1,6,21,36,41,46,50,51,78,79,80,83],[1.0,1.0,1.0,1.0,1.0,1.0,1.0,1.0,35.0,455379.0,9.0,65.0])"
"(84,[9,23,38,42,46,51,78,79,80,83],[1.0,1.0,1.0,1.0,1.0,1.0,36.0,327435.0,14.0,40.0])"
"(84,[2,7,21,27,41,46,50,51,78,79,80,83],[1.0,1.0,1.0,1.0,1.0,1.0,1.0,1.0,36.0,74593.0,10.0,40.0])"
"(84,[2,6,23,31,44,46,51,78,79,80,83],[1.0,1.0,1.0,1.0,1.0,1.0,1.0,36.0,173542.0,9.0,40.0])"
"(84,[2,7,21,38,41,46,50,51,78,79,80,83],[1.0,1.0,1.0,1.0,1.0,1.0,1.0,1.0,36.0,237713.0,10.0,40.0])"
"(84,[2,8,21,28,41,46,50,51,78,79,80,83],[1.0,1.0,1.0,1.0,1.0,1.0,1.0,1.0,36.0,403681.0,13.0,40.0])"
"(84,[0,11,22,29,43,48,50,51,78,79,80,83],[1.0,1.0,1.0,1.0,1.0,1.0,1.0,1.0,36.0,86143.0,11.0,40.0])"
"(84,[0,8,22,28,42,46,51,78,79,80,83],[1.0,1.0,1.0,1.0,1.0,1.0,1.0,36.0,102568.0,13.0,40.0])"
"(84,[0,9,21,27,41,48,50,62,78,79,80,83],[1.0,1.0,1.0,1.0,1.0,1.0,1.0,1.0,36.0,116358.0,14.0,45.0])"
"(84,[0,7,21,32,41,46,50,51,78,79,80,81,83],[1.0,1.0,1.0,1.0,1.0,1.0,1.0,1.0,36.0,151764.0,10.0,5178.0,40.0])"
"(84,[0,6,21,29,41,46,50,58,78,79,80,83],[1.0,1.0,1.0,1.0,1.0,1.0,1.0,1.0,36.0,168170.0,9.0,40.0])"
"(84,[0,10,23,36,44,46,51,78,79,80,83],[1.0,1.0,1.0,1.0,1.0,1.0,1.0,36.0,175130.0,7.0,40.0])"
"(84,[0,6,21,32,41,46,50,51,78,79,80,83],[1.0,1.0,1.0,1.0,1.0,1.0,1.0,1.0,36.0,182863.0,9.0,60.0])"
"(84,[0,6,21,29,41,46,50,51,78,79,80,83],[1.0,1.0,1.0,1.0,1.0,1.0,1.0,1.0,36.0,191754.0,9.0,40.0])"
"(84,[0,6,22,35,42,47,50,51,78,79,80,83],[1.0,1.0,1.0,1.0,1.0,1.0,1.0,1.0,36.0,197274.0,9.0,40.0])"
"(84,[0,7,22,32,42,46,50,51,78,79,80,83],[1.0,1.0,1.0,1.0,1.0,1.0,1.0,1.0,36.0,251730.0,10.0,50.0])"
"(84,[0,6,22,33,42,46,50,51,78,79,80,81,83],[1.0,1.0,1.0,1.0,1.0,1.0,1.0,1.0,36.0,295706.0,9.0,3674.0,42.0])"
"(84,[0,10,21,27,41,46,50,56,78,79,80,83],[1.0,1.0,1.0,1.0,1.0,1.0,1.0,1.0,36.0,300333.0,7.0,40.0])"
"(84,[0,6,21,28,41,46,50,51,78,79,80,83],[1.0,1.0,1.0,1.0,1.0,1.0,1.0,1.0,36.0,312206.0,9.0,60.0])"
"(84,[0,6,21,37,41,46,50,51,78,79,80,83],[1.0,1.0,1.0,1.0,1.0,1.0,1.0,1.0,36.0,465326.0,9.0,40.0])"
"(84,[5,6,21,37,41,46,50,51,78,79,80,83],[1.0,1.0,1.0,1.0,1.0,1.0,1.0,1.0,36.0,48063.0,9.0,80.0])"
"(84,[1,8,21,37,41,46,50,51,78,79,80,83],[1.0,1.0,1.0,1.0,1.0,1.0,1.0,1.0,36.0,84294.0,13.0,72.0])"
"(84,[3,7,21,34,41,46,50,51,78,79,80,83],[1.0,1.0,1.0,1.0,1.0,1.0,1.0,1.0,37.0,171482.0,10.0,30.0])"
"(84,[2,8,22,28,44,47,50,53,78,79,80,83],[1.0,1.0,1.0,1.0,1.0,1.0,1.0,1.0,37.0,263690.0,13.0,40.0])"
"(84,[2,15,26,30,44,47,51,78,79,80,83],[1.0,1.0,1.0,1.0,1.0,1.0,1.0,37.0,270181.0,12.0,50.0])"
"(84,[0,8,21,28,41,46,50,51,78,79,80,83],[1.0,1.0,1.0,1.0,1.0,1.0,1.0,1.0,37.0,20308.0,13.0,65.0])"
"(84,[0,6,23,32,44,46,50,51,78,79,80,83],[1.0,1.0,1.0,1.0,1.0,1.0,1.0,1.0,37.0,29430.0,9.0,45.0])"
"(84,[0,10,21,37,41,46,50,51,78,79,80,83],[1.0,1.0,1.0,1.0,1.0,1.0,1.0,1.0,37.0,50380.0,7.0,40.0])"
"(84,[0,6,25,33,44,46,51,78,79,80,83],[1.0,1.0,1.0,1.0,1.0,1.0,1.0,37.0,60548.0,9.0,20.0])"
"(84,[0,6,24,33,43,48,50,51,78,79,80,83],[1.0,1.0,1.0,1.0,1.0,1.0,1.0,1.0,37.0,79586.0,9.0,60.0])"
"(84,[0,8,21,28,45,46,53,78,79,80,83],[1.0,1.0,1.0,1.0,1.0,1.0,1.0,37.0,98644.0,13.0,16.0])"
"(84,[0,6,21,32,41,47,50,51,78,79,80,83],[1.0,1.0,1.0,1.0,1.0,1.0,1.0,1.0,37.0,106043.0,9.0,40.0])"
"(84,[0,6,21,29,41,46,50,51,78,79,80,81,83],[1.0,1.0,1.0,1.0,1.0,1.0,1.0,1.0,37.0,112158.0,9.0,7688.0,99.0])"
"(84,[0,6,21,29,41,46,50,51,78,79,80,83],[1.0,1.0,1.0,1.0,1.0,1.0,1.0,1.0,37.0,115429.0,9.0,25.0])"
"(84,[0,14,21,27,41,46,50,51,78,79,80,83],[1.0,1.0,1.0,1.0,1.0,1.0,1.0,1.0,37.0,116409.0,15.0,40.0])"
"(84,[0,8,21,28,41,47,50,51,78,79,80,83],[1.0,1.0,1.0,1.0,1.0,1.0,1.0,1.0,37.0,123361.0,13.0,50.0])"
"(84,[0,10,21,29,41,46,50,51,78,79,80,83],[1.0,1.0,1.0,1.0,1.0,1.0,1.0,1.0,37.0,149898.0,7.0,40.0])"
"(84,[0,7,21,29,41,46,50,51,78,79,80,83],[1.0,1.0,1.0,1.0,1.0,1.0,1.0,1.0,37.0,169469.0,10.0,40.0])"
"(84,[0,8,23,27,42,46,51,78,79,80,83],[1.0,1.0,1.0,1.0,1.0,1.0,1.0,37.0,178100.0,13.0,40.0])"
"(84,[0,8,25,27,42,46,51,78,79,80,83],[1.0,1.0,1.0,1.0,1.0,1.0,1.0,37.0,203079.0,13.0,55.0])"
"(84,[0,6,21,29,41,46,50,51,78,79,80,83],[1.0,1.0,1.0,1.0,1.0,1.0,1.0,1.0,37.0,243409.0,9.0,40.0])"
"(84,[0,7,21,33,41,46,50,51,78,79,80,82,83],[1.0,1.0,1.0,1.0,1.0,1.0,1.0,1.0,37.0,248010.0,10.0,1887.0,40.0])"
"(84,[0,8,21,27,41,46,50,51,78,79,80,83],[1.0,1.0,1.0,1.0,1.0,1.0,1.0,1.0,37.0,265144.0,13.0,50.0])"
"(84,[0,6,21,29,41,46,50,51,78,79,80,83],[1.0,1.0,1.0,1.0,1.0,1.0,1.0,1.0,37.0,410034.0,9.0,56.0])"
"(84,[5,7,21,36,41,46,50,51,78,79,80,83],[1.0,1.0,1.0,1.0,1.0,1.0,1.0,1.0,37.0,132879.0,10.0,50.0])"
"(84,[1,8,21,28,45,46,55,78,79,80,83],[1.0,1.0,1.0,1.0,1.0,1.0,1.0,37.0,143774.0,13.0,40.0])"
"(84,[1,6,21,29,41,48,50,54,78,79,80,83],[1.0,1.0,1.0,1.0,1.0,1.0,1.0,1.0,37.0,191342.0,9.0,60.0])"
"(84,[4,7,21,28,48,50,67,78,79,80,83],[1.0,1.0,1.0,1.0,1.0,1.0,1.0,37.0,67083.0,10.0,40.0])"
"(84,[4,15,21,30,41,46,50,51,78,79,80,83],[1.0,1.0,1.0,1.0,1.0,1.0,1.0,1.0,37.0,89083.0,12.0,35.0])"
"(84,[4,6,21,36,41,46,50,51,78,79,80,83],[1.0,1.0,1.0,1.0,1.0,1.0,1.0,1.0,37.0,111275.0,9.0,40.0])"
"(84,[4,8,21,31,45,47,51,78,79,80,83],[1.0,1.0,1.0,1.0,1.0,1.0,1.0,37.0,241633.0,13.0,45.0])"
"(84,[3,6,21,34,45,46,51,78,79,80,82,83],[1.0,1.0,1.0,1.0,1.0,1.0,1.0,38.0,48976.0,9.0,1887.0,10.0])"
"(84,[11,23,29,44,46,51,78,79,80,81,83],[1.0,1.0,1.0,1.0,1.0,1.0,38.0,213274.0,11.0,6497.0,40.0])"
"(84,[11,23,31,43,47,50,51,78,79,80,83],[1.0,1.0,1.0,1.0,1.0,1.0,1.0,38.0,318912.0,11.0,52.0])"
"(84,[2,7,23,31,44,46,51,78,79,80,83],[1.0,1.0,1.0,1.0,1.0,1.0,1.0,38.0,34744.0,10.0,38.0])"
"(84,[2,7,21,31,41,46,50,51,78,79,80,83],[1.0,1.0,1.0,1.0,1.0,1.0,1.0,1.0,38.0,273457.0,10.0,40.0])"
"(84,[0,8,21,32,41,46,50,51,78,79,80,81,83],[1.0,1.0,1.0,1.0,1.0,1.0,1.0,1.0,38.0,52187.0,13.0,15024.0,50.0])"
"(84,[0,6,21,37,41,46,50,51,78,79,80,83],[1.0,1.0,1.0,1.0,1.0,1.0,1.0,1.0,38.0,89814.0,9.0,50.0])"
"(84,[0,6,24,33,44,47,51,78,79,80,83],[1.0,1.0,1.0,1.0,1.0,1.0,1.0,38.0,93140.0,9.0,28.0])"
"(84,[0,12,21,30,41,46,50,51,78,79,80,83],[1.0,1.0,1.0,1.0,1.0,1.0,1.0,1.0,38.0,191137.0,6.0,40.0])"
"(84,[0,8,21,37,41,46,50,51,78,79,80,83],[1.0,1.0,1.0,1.0,1.0,1.0,1.0,1.0,38.0,203717.0,13.0,60.0])"
"(84,[0,6,21,33,41,47,50,51,78,79,80,83],[1.0,1.0,1.0,1.0,1.0,1.0,1.0,1.0,38.0,210438.0,9.0,40.0])"
"(84,[0,17,21,28,41,48,50,69,78,79,80,83],[1.0,1.0,1.0,1.0,1.0,1.0,1.0,1.0,38.0,216319.0,16.0,40.0])"
"(84,[0,6,21,29,41,47,50,51,78,79,80,83],[1.0,1.0,1.0,1.0,1.0,1.0,1.0,1.0,38.0,217926.0,9.0,40.0])"
"(84,[0,16,26,27,42,46,50,52,78,79,80,83],[1.0,1.0,1.0,1.0,1.0,1.0,1.0,1.0,38.0,219446.0,5.0,54.0])"
"(84,[0,8,21,28,45,46,51,78,79,80,83],[1.0,1.0,1.0,1.0,1.0,1.0,1.0,38.0,272476.0,13.0,24.0])"
"(84,[0,7,22,30,42,46,50,51,78,79,80,83],[1.0,1.0,1.0,1.0,1.0,1.0,1.0,1.0,38.0,314890.0,10.0,46.0])"
"(84,[0,8,23,31,44,46,51,78,79,80,83],[1.0,1.0,1.0,1.0,1.0,1.0,1.0,38.0,365907.0,13.0,40.0])"
"(84,[5,8,23,27,42,46,50,51,78,79,80,83],[1.0,1.0,1.0,1.0,1.0,1.0,1.0,1.0,38.0,93225.0,13.0,40.0])"
"(84,[4,7,21,39,41,46,50,51,78,79,80,82,83],[1.0,1.0,1.0,1.0,1.0,1.0,1.0,1.0,38.0,116975.0,10.0,1887.0,50.0])"
"(84,[3,6,21,34,45,46,51,78,79,80,83],[1.0,1.0,1.0,1.0,1.0,1.0,1.0,39.0,110342.0,9.0,50.0])"
"(84,[9,22,28,42,46,50,63,78,79,80,83],[1.0,1.0,1.0,1.0,1.0,1.0,1.0,39.0,149347.0,14.0,40.0])"
"(84,[0,8,21,36,41,46,50,51,78,79,80,83],[1.0,1.0,1.0,1.0,1.0,1.0,1.0,1.0,39.0,22463.0,13.0,40.0])"
"(84,[0,8,21,31,45,46,51,78,79,80,83],[1.0,1.0,1.0,1.0,1.0,1.0,1.0,39.0,85783.0,13.0,28.0])"
"(84,[0,13,21,30,41,46,50,52,78,79,80,81,83],[1.0,1.0,1.0,1.0,1.0,1.0,1.0,1.0,39.0,98886.0,4.0,4508.0,40.0])"
"(84,[0,7,23,32,42,46,50,51,78,79,80,83],[1.0,1.0,1.0,1.0,1.0,1.0,1.0,1.0,39.0,118429.0,10.0,40.0])"
"(84,[0,15,21,29,41,46,50,51,78,79,80,83],[1.0,1.0,1.0,1.0,1.0,1.0,1.0,1.0,39.0,141584.0,12.0,60.0])"
"(84,[0,6,24,31,42,46,50,51,78,79,80,83],[1.0,1.0,1.0,1.0,1.0,1.0,1.0,1.0,39.0,177140.0,9.0,40.0])"
"(84,[0,6,21,33,41,46,50,52,78,79,80,83],[1.0,1.0,1.0,1.0,1.0,1.0,1.0,1.0,39.0,189344.0,9.0,40.0])"
"(84,[0,11,22,33,43,46,50,51,78,79,80,83],[1.0,1.0,1.0,1.0,1.0,1.0,1.0,1.0,39.0,195843.0,11.0,40.0])"
"(84,[0,8,21,32,41,46,50,51,78,79,80,83],[1.0,1.0,1.0,1.0,1.0,1.0,1.0,1.0,39.0,205338.0,13.0,60.0])"
"(84,[0,16,21,29,41,46,50,52,78,79,80,81,83],[1.0,1.0,1.0,1.0,1.0,1.0,1.0,1.0,39.0,224541.0,5.0,4386.0,55.0])"
"(84,[0,6,23,33,44,46,52,78,79,80,83],[1.0,1.0,1.0,1.0,1.0,1.0,1.0,39.0,259716.0,9.0,40.0])"
"(84,[0,6,23,35,43,47,50,51,78,79,80,83],[1.0,1.0,1.0,1.0,1.0,1.0,1.0,1.0,39.0,280215.0,9.0,40.0])"
"(84,[0,6,22,29,44,46,50,51,78,79,80,83],[1.0,1.0,1.0,1.0,1.0,1.0,1.0,1.0,39.0,282951.0,9.0,40.0])"
"(84,[0,13,21,29,41,46,50,52,78,79,80,83],[1.0,1.0,1.0,1.0,1.0,1.0,1.0,1.0,39.0,290208.0,4.0,40.0])"
"(84,[0,7,21,29,41,46,50,51,78,79,80,83],[1.0,1.0,1.0,1.0,1.0,1.0,1.0,1.0,39.0,329980.0,10.0,40.0])"
"(84,[1,12,21,36,41,46,50,51,78,79,80,83],[1.0,1.0,1.0,1.0,1.0,1.0,1.0,1.0,39.0,41017.0,6.0,70.0])"
"(84,[1,8,21,30,41,46,50,51,78,79,80,83],[1.0,1.0,1.0,1.0,1.0,1.0,1.0,1.0,39.0,199753.0,13.0,60.0])"
"(84,[4,6,21,39,46,51,78,79,80,83],[1.0,1.0,1.0,1.0,1.0,1.0,39.0,112812.0,9.0,40.0])"
"(84,[8,21,27,41,46,50,51,78,79,80,83],[1.0,1.0,1.0,1.0,1.0,1.0,1.0,40.0,134638.0,13.0,39.0])"
"(84,[0,8,21,27,41,46,50,51,78,79,80,83],[1.0,1.0,1.0,1.0,1.0,1.0,1.0,1.0,40.0,34722.0,13.0,50.0])"
"(84,[0,7,21,33,41,46,50,51,78,79,80,83],[1.0,1.0,1.0,1.0,1.0,1.0,1.0,1.0,40.0,83411.0,10.0,37.0])"
"(84,[0,17,21,28,41,48,50,53,78,79,80,83],[1.0,1.0,1.0,1.0,1.0,1.0,1.0,1.0,40.0,85019.0,16.0,45.0])"
"(84,[0,7,21,35,41,46,50,51,78,79,80,83],[1.0,1.0,1.0,1.0,1.0,1.0,1.0,1.0,40.0,103541.0,10.0,40.0])"
"(84,[0,6,23,33,44,47,51,78,79,80,83],[1.0,1.0,1.0,1.0,1.0,1.0,1.0,40.0,111336.0,9.0,28.0])"
"(84,[0,8,21,32,41,46,50,51,78,79,80,83],[1.0,1.0,1.0,1.0,1.0,1.0,1.0,1.0,40.0,120277.0,13.0,45.0])"
"(84,[0,6,21,29,41,46,50,51,78,79,80,83],[1.0,1.0,1.0,1.0,1.0,1.0,1.0,1.0,40.0,168113.0,9.0,40.0])"
"(84,[0,6,21,27,41,46,50,51,78,79,80,83],[1.0,1.0,1.0,1.0,1.0,1.0,1.0,1.0,40.0,187294.0,9.0,40.0])"
"(84,[0,6,21,33,45,46,51,78,79,80,83],[1.0,1.0,1.0,1.0,1.0,1.0,1.0,40.0,204585.0,9.0,40.0])"
"(84,[0,10,25,31,44,46,51,78,79,80,83],[1.0,1.0,1.0,1.0,1.0,1.0,1.0,40.0,210493.0,7.0,40.0])"
"(84,[0,6,21,29,41,46,50,51,78,79,80,83],[1.0,1.0,1.0,1.0,1.0,1.0,1.0,1.0,40.0,231348.0,9.0,40.0])"
"(84,[0,7,23,27,42,46,50,51,78,79,80,82,83],[1.0,1.0,1.0,1.0,1.0,1.0,1.0,1.0,40.0,320071.0,10.0,1408.0,48.0])"
"(84,[1,7,21,29,41,46,50,51,78,79,80,83],[1.0,1.0,1.0,1.0,1.0,1.0,1.0,1.0,40.0,173651.0,10.0,45.0])"
"(84,[4,8,21,31,41,46,50,51,78,79,80,82,83],[1.0,1.0,1.0,1.0,1.0,1.0,1.0,1.0,40.0,67874.0,13.0,1887.0,45.0])"
"(84,[3,9,21,34,45,46,51,78,79,80,81,83],[1.0,1.0,1.0,1.0,1.0,1.0,1.0,41.0,38434.0,14.0,7688.0,10.0])"
"(84,[3,6,22,34,43,46,51,78,79,80,81,83],[1.0,1.0,1.0,1.0,1.0,1.0,1.0,41.0,155041.0,9.0,3418.0,40.0])"
"(84,[2,6,22,30,43,46,50,51,78,79,80,83],[1.0,1.0,1.0,1.0,1.0,1.0,1.0,1.0,41.0,129793.0,9.0,30.0])"
"(84,[2,6,21,39,41,46,50,51,78,79,80,83],[1.0,1.0,1.0,1.0,1.0,1.0,1.0,1.0,41.0,201520.0,9.0,40.0])"
"(84,[0,6,23,31,44,46,51,78,79,80,83],[1.0,1.0,1.0,1.0,1.0,1.0,1.0,41.0,54422.0,9.0,40.0])"
"(84,[0,6,21,33,41,46,50,51,78,79,80,83],[1.0,1.0,1.0,1.0,1.0,1.0,1.0,1.0,41.0,75012.0,9.0,50.0])"
"(84,[0,8,22,30,42,46,53,78,79,80,83],[1.0,1.0,1.0,1.0,1.0,1.0,1.0,41.0,109912.0,13.0,40.0])"
"(84,[0,7,23,38,42,46,51,78,79,80,83],[1.0,1.0,1.0,1.0,1.0,1.0,1.0,41.0,110732.0,10.0,40.0])"
"(84,[0,17,21,28,41,46,50,51,78,79,80,83],[1.0,1.0,1.0,1.0,1.0,1.0,1.0,1.0,41.0,143069.0,16.0,60.0])"
"(84,[0,7,22,33,42,46,51,78,79,80,83],[1.0,1.0,1.0,1.0,1.0,1.0,1.0,41.0,171234.0,10.0,48.0])"
"(84,[0,17,21,28,41,46,50,51,78,79,80,82,83],[1.0,1.0,1.0,1.0,1.0,1.0,1.0,1.0,41.0,177989.0,16.0,2051.0,60.0])"
"(84,[0,6,22,27,44,46,51,78,79,80,83],[1.0,1.0,1.0,1.0,1.0,1.0,1.0,41.0,185057.0,9.0,40.0])"
"(84,[0,9,21,27,41,46,50,51,78,79,80,81,83],[1.0,1.0,1.0,1.0,1.0,1.0,1.0,1.0,41.0,191547.0,14.0,99999.0,55.0])"
"(84,[0,9,21,27,41,46,50,51,78,79,80,83],[1.0,1.0,1.0,1.0,1.0,1.0,1.0,1.0,41.0,198196.0,14.0,45.0])"
"(84,[0,13,24,29,42,46,50,52,78,79,80,83],[1.0,1.0,1.0,1.0,1.0,1.0,1.0,1.0,41.0,203217.0,4.0,40.0])"
"(84,[0,9,21,28,41,46,50,51,78,79,80,82,83],[1.0,1.0,1.0,1.0,1.0,1.0,1.0,1.0,41.0,239296.0,14.0,2415.0,50.0])"
"(84,[0,6,23,31,44,46,51,78,79,80,81,83],[1.0,1.0,1.0,1.0,1.0,1.0,1.0,41.0,249254.0,9.0,3674.0,42.0])"
"(84,[0,6,21,33,41,46,50,51,78,79,80,83],[1.0,1.0,1.0,1.0,1.0,1.0,1.0,1.0,41.0,266439.0,9.0,40.0])"
"(84,[0,7,21,29,41,46,50,51,78,79,80,83],[1.0,1.0,1.0,1.0,1.0,1.0,1.0,1.0,41.0,277256.0,10.0,40.0])"
"(84,[0,8,23,31,44,46,51,78,79,80,83],[1.0,1.0,1.0,1.0,1.0,1.0,1.0,41.0,309990.0,13.0,33.0])"
"(84,[5,14,21,28,41,46,50,51,78,79,80,82,83],[1.0,1.0,1.0,1.0,1.0,1.0,1.0,1.0,41.0,214247.0,15.0,2415.0,60.0])"
"(84,[1,9,22,32,42,46,51,78,79,80,83],[1.0,1.0,1.0,1.0,1.0,1.0,1.0,41.0,38434.0,14.0,30.0])"
"(84,[1,11,21,30,45,46,51,78,79,80,81,83],[1.0,1.0,1.0,1.0,1.0,1.0,1.0,41.0,134724.0,11.0,3103.0,40.0])"
"(84,[1,6,21,27,41,46,50,51,78,79,80,83],[1.0,1.0,1.0,1.0,1.0,1.0,1.0,1.0,41.0,233150.0,9.0,60.0])"
"(84,[1,10,23,30,42,46,51,78,79,80,83],[1.0,1.0,1.0,1.0,1.0,1.0,1.0,41.0,264663.0,7.0,40.0])"
"(84,[4,8,22,38,42,46,51,78,79,80,83],[1.0,1.0,1.0,1.0,1.0,1.0,1.0,41.0,34895.0,13.0,43.0])"
"(84,[4,14,25,28,42,51,78,79,80,83],[1.0,1.0,1.0,1.0,1.0,1.0,41.0,186990.0,15.0,52.0])"
"(84,[12,21,31,41,46,50,52,78,79,80,83],[1.0,1.0,1.0,1.0,1.0,1.0,1.0,42.0,55457.0,6.0,40.0])"
"(84,[8,22,28,42,46,50,53,78,79,80,83],[1.0,1.0,1.0,1.0,1.0,1.0,1.0,42.0,177937.0,13.0,40.0])"
"(84,[0,8,21,27,41,46,50,51,78,79,80,83],[1.0,1.0,1.0,1.0,1.0,1.0,1.0,1.0,42.0,26915.0,13.0,40.0])"
"(84,[0,7,21,29,41,46,50,51,78,79,80,83],[1.0,1.0,1.0,1.0,1.0,1.0,1.0,1.0,42.0,55395.0,10.0,52.0])"
"(84,[0,20,21,31,41,46,50,77,78,79,80,83],[1.0,1.0,1.0,1.0,1.0,1.0,1.0,1.0,42.0,67243.0,2.0,55.0])"
"(84,[0,6,24,29,42,46,50,51,78,79,80,81,83],[1.0,1.0,1.0,1.0,1.0,1.0,1.0,1.0,42.0,99203.0,9.0,3325.0,40.0])"
"(84,[0,6,21,27,41,46,50,51,78,79,80,83],[1.0,1.0,1.0,1.0,1.0,1.0,1.0,1.0,42.0,171615.0,9.0,55.0])"
"(84,[0,6,26,31,42,46,50,51,78,79,80,83],[1.0,1.0,1.0,1.0,1.0,1.0,1.0,1.0,42.0,173888.0,9.0,52.0])"
"(84,[0,12,21,32,41,46,50,51,78,79,80,83],[1.0,1.0,1.0,1.0,1.0,1.0,1.0,1.0,42.0,187322.0,6.0,45.0])"
"(84,[0,6,21,29,41,46,50,51,78,79,80,83],[1.0,1.0,1.0,1.0,1.0,1.0,1.0,1.0,42.0,190910.0,9.0,45.0])"
"(84,[0,12,23,31,44,46,51,78,79,80,83],[1.0,1.0,1.0,1.0,1.0,1.0,1.0,42.0,195488.0,6.0,40.0])"
"(84,[0,7,23,30,42,46,51,78,79,80,81,83],[1.0,1.0,1.0,1.0,1.0,1.0,1.0,42.0,196158.0,10.0,8614.0,52.0])"
"(84,[0,11,24,32,44,47,51,78,79,80,83],[1.0,1.0,1.0,1.0,1.0,1.0,1.0,42.0,204729.0,11.0,25.0])"
"(84,[0,6,22,30,44,47,59,78,79,80,83],[1.0,1.0,1.0,1.0,1.0,1.0,1.0,42.0,227968.0,9.0,28.0])"
"(84,[0,8,23,28,42,47,50,51,78,79,80,83],[1.0,1.0,1.0,1.0,1.0,1.0,1.0,1.0,42.0,287129.0,13.0,40.0])"
"(84,[5,17,21,28,41,46,50,51,78,79,80,83],[1.0,1.0,1.0,1.0,1.0,1.0,1.0,1.0,42.0,100793.0,16.0,41.0])"
"(84,[5,8,21,27,41,46,50,51,78,79,80,83],[1.0,1.0,1.0,1.0,1.0,1.0,1.0,1.0,42.0,212894.0,13.0,60.0])"
"(84,[5,14,21,28,45,46,51,78,79,80,83],[1.0,1.0,1.0,1.0,1.0,1.0,1.0,42.0,240628.0,15.0,50.0])"
"(84,[1,6,21,32,41,46,50,51,78,79,80,83],[1.0,1.0,1.0,1.0,1.0,1.0,1.0,1.0,42.0,103759.0,9.0,48.0])"
"(84,[3,10,24,34,46,50,51,78,79,80,83],[1.0,1.0,1.0,1.0,1.0,1.0,1.0,43.0,180318.0,7.0,40.0])"
"(84,[0,6,21,33,41,46,50,51,78,79,80,83],[1.0,1.0,1.0,1.0,1.0,1.0,1.0,1.0,43.0,51494.0,9.0,65.0])"
"(84,[0,7,21,32,41,46,50,51,78,79,80,83],[1.0,1.0,1.0,1.0,1.0,1.0,1.0,1.0,43.0,52433.0,10.0,70.0])"
"(84,[0,6,21,32,41,46,50,51,78,79,80,83],[1.0,1.0,1.0,1.0,1.0,1.0,1.0,1.0,43.0,102606.0,9.0,48.0])"
"(84,[0,6,21,31,45,46,51,78,79,80,83],[1.0,1.0,1.0,1.0,1.0,1.0,1.0,43.0,128354.0,9.0,30.0])"
"(84,[0,6,24,33,42,46,51,78,79,80,83],[1.0,1.0,1.0,1.0,1.0,1.0,1.0,43.0,170482.0,9.0,44.0])"
"(84,[0,8,21,27,41,46,50,51,78,79,80,82,83],[1.0,1.0,1.0,1.0,1.0,1.0,1.0,1.0,43.0,203554.0,13.0,1902.0,50.0])"
"(84,[0,15,22,28,42,46,53,78,79,80,83],[1.0,1.0,1.0,1.0,1.0,1.0,1.0,43.0,315971.0,12.0,32.0])"
"(84,[0,9,21,27,41,46,50,51,78,79,80,83],[1.0,1.0,1.0,1.0,1.0,1.0,1.0,1.0,43.0,346189.0,14.0,50.0])"
"(84,[5,6,21,27,41,46,50,51,78,79,80,82,83],[1.0,1.0,1.0,1.0,1.0,1.0,1.0,1.0,43.0,214503.0,9.0,1887.0,45.0])"
"(84,[1,6,21,27,41,47,50,51,78,79,80,83],[1.0,1.0,1.0,1.0,1.0,1.0,1.0,1.0,43.0,126320.0,9.0,40.0])"
"(84,[1,7,21,37,41,46,50,51,78,79,80,83],[1.0,1.0,1.0,1.0,1.0,1.0,1.0,1.0,43.0,388725.0,10.0,60.0])"
"(84,[2,11,23,33,44,49,50,51,78,79,80,83],[1.0,1.0,1.0,1.0,1.0,1.0,1.0,1.0,44.0,49665.0,11.0,40.0])"
"(84,[2,7,21,39,41,46,50,51,78,79,80,83],[1.0,1.0,1.0,1.0,1.0,1.0,1.0,1.0,44.0,159449.0,10.0,80.0])"
"(84,[2,8,21,31,41,46,50,51,78,79,80,81,83],[1.0,1.0,1.0,1.0,1.0,1.0,1.0,1.0,44.0,184105.0,13.0,5013.0,40.0])"
"(84,[0,11,25,27,44,46,51,78,79,80,83],[1.0,1.0,1.0,1.0,1.0,1.0,1.0,44.0,26669.0,11.0,30.0])"
"(84,[0,7,21,29,41,46,50,51,78,79,80,81,83],[1.0,1.0,1.0,1.0,1.0,1.0,1.0,1.0,44.0,98779.0,10.0,5178.0,40.0])"
"(84,[0,6,23,32,42,46,50,51,78,79,80,81,83],[1.0,1.0,1.0,1.0,1.0,1.0,1.0,1.0,44.0,110028.0,9.0,27828.0,60.0])"
"(84,[0,17,21,28,41,46,50,51,78,79,80,83],[1.0,1.0,1.0,1.0,1.0,1.0,1.0,1.0,44.0,118059.0,16.0,55.0])"
"(84,[0,7,21,33,41,47,50,51,78,79,80,81,83],[1.0,1.0,1.0,1.0,1.0,1.0,1.0,1.0,44.0,160323.0,10.0,7688.0,40.0])"
"(84,[0,11,21,38,41,46,50,51,78,79,80,83],[1.0,1.0,1.0,1.0,1.0,1.0,1.0,1.0,44.0,166740.0,11.0,45.0])"
"(84,[0,6,26,31,44,46,51,78,79,80,83],[1.0,1.0,1.0,1.0,1.0,1.0,1.0,44.0,180019.0,9.0,40.0])"
"(84,[0,8,23,27,44,46,51,78,79,80,81,83],[1.0,1.0,1.0,1.0,1.0,1.0,1.0,44.0,184527.0,13.0,4934.0,45.0])"
"(84,[0,6,21,29,41,46,50,51,78,79,80,83],[1.0,1.0,1.0,1.0,1.0,1.0,1.0,1.0,44.0,201734.0,9.0,45.0])"
"(84,[0,6,23,32,44,47,51,78,79,80,83],[1.0,1.0,1.0,1.0,1.0,1.0,1.0,44.0,284652.0,9.0,40.0])"
"(84,[0,7,23,29,42,46,50,51,78,79,80,83],[1.0,1.0,1.0,1.0,1.0,1.0,1.0,1.0,44.0,292985.0,10.0,60.0])"
"(84,[0,7,22,36,42,46,50,51,78,79,80,83],[1.0,1.0,1.0,1.0,1.0,1.0,1.0,1.0,44.0,299197.0,10.0,45.0])"
"(84,[5,6,21,29,41,46,50,51,78,79,80,83],[1.0,1.0,1.0,1.0,1.0,1.0,1.0,1.0,44.0,60087.0,9.0,45.0])"
"(84,[5,6,21,29,41,46,50,53,78,79,80,81,83],[1.0,1.0,1.0,1.0,1.0,1.0,1.0,1.0,44.0,223881.0,9.0,99999.0,50.0])"
"(84,[1,13,21,29,41,46,50,51,78,79,80,83],[1.0,1.0,1.0,1.0,1.0,1.0,1.0,1.0,44.0,98806.0,4.0,38.0])"
"(84,[4,6,21,33,41,46,50,51,78,79,80,83],[1.0,1.0,1.0,1.0,1.0,1.0,1.0,1.0,44.0,138634.0,9.0,40.0])"
"(84,[3,6,25,34,44,46,52,78,79,80,83],[1.0,1.0,1.0,1.0,1.0,1.0,1.0,45.0,319993.0,9.0,40.0])"
"(84,[2,8,23,28,44,46,51,78,79,80,83],[1.0,1.0,1.0,1.0,1.0,1.0,1.0,45.0,185588.0,13.0,40.0])"
"(84,[2,17,22,28,42,46,51,78,79,80,83],[1.0,1.0,1.0,1.0,1.0,1.0,1.0,45.0,211666.0,16.0,40.0])"
"(84,[0,7,21,31,45,46,51,78,79,80,82,83],[1.0,1.0,1.0,1.0,1.0,1.0,1.0,45.0,54038.0,10.0,1902.0,20.0])"
"(84,[0,8,21,27,41,46,50,51,78,79,80,83],[1.0,1.0,1.0,1.0,1.0,1.0,1.0,1.0,45.0,59287.0,13.0,40.0])"
"(84,[0,6,22,31,42,46,50,51,78,79,80,83],[1.0,1.0,1.0,1.0,1.0,1.0,1.0,1.0,45.0,155664.0,9.0,44.0])"
"(84,[0,8,21,29,41,46,50,51,78,79,80,83],[1.0,1.0,1.0,1.0,1.0,1.0,1.0,1.0,45.0,167159.0,13.0,40.0])"
"(84,[0,8,21,27,41,46,50,57,78,79,80,83],[1.0,1.0,1.0,1.0,1.0,1.0,1.0,1.0,45.0,177536.0,13.0,45.0])"
"(84,[0,8,21,27,41,46,50,51,78,79,80,81,83],[1.0,1.0,1.0,1.0,1.0,1.0,1.0,1.0,45.0,323798.0,13.0,7298.0,53.0])"
"(84,[0,13,25,30,44,46,51,78,79,80,83],[1.0,1.0,1.0,1.0,1.0,1.0,1.0,45.0,347025.0,4.0,21.0])"
"(84,[0,8,21,27,41,48,50,74,78,79,80,83],[1.0,1.0,1.0,1.0,1.0,1.0,1.0,1.0,45.0,355781.0,13.0,45.0])"
"(84,[0,8,23,27,42,46,51,78,79,80,83],[1.0,1.0,1.0,1.0,1.0,1.0,1.0,45.0,370261.0,13.0,40.0])"
"(84,[0,13,21,29,41,47,50,51,78,79,80,83],[1.0,1.0,1.0,1.0,1.0,1.0,1.0,1.0,45.0,411273.0,4.0,40.0])"
"(84,[1,6,21,27,41,46,50,51,78,79,80,83],[1.0,1.0,1.0,1.0,1.0,1.0,1.0,1.0,45.0,196858.0,9.0,60.0])"
"(84,[1,6,21,36,41,46,50,51,78,79,80,83],[1.0,1.0,1.0,1.0,1.0,1.0,1.0,1.0,45.0,285570.0,9.0,80.0])"
"(84,[1,7,21,32,41,46,50,51,78,79,80,83],[1.0,1.0,1.0,1.0,1.0,1.0,1.0,1.0,45.0,355978.0,10.0,60.0])"
"(84,[1,6,21,29,41,46,50,51,78,79,80,81,83],[1.0,1.0,1.0,1.0,1.0,1.0,1.0,1.0,45.0,432824.0,9.0,7298.0,90.0])"
"(84,[4,6,21,30,41,46,50,51,78,79,80,83],[1.0,1.0,1.0,1.0,1.0,1.0,1.0,1.0,45.0,226452.0,9.0,40.0])"
"(84,[0,9,21,28,41,46,50,51,78,79,80,83],[1.0,1.0,1.0,1.0,1.0,1.0,1.0,1.0,46.0,83822.0,14.0,40.0])"
"(84,[0,6,21,29,41,46,50,51,78,79,80,83],[1.0,1.0,1.0,1.0,1.0,1.0,1.0,1.0,46.0,96773.0,9.0,40.0])"
"(84,[0,7,21,39,41,46,50,51,78,79,80,83],[1.0,1.0,1.0,1.0,1.0,1.0,1.0,1.0,46.0,157857.0,10.0,40.0])"
"(84,[0,6,24,36,42,46,50,51,78,79,80,83],[1.0,1.0,1.0,1.0,1.0,1.0,1.0,1.0,46.0,170338.0,9.0,40.0])"
"(84,[0,11,21,38,41,46,50,51,78,79,80,83],[1.0,1.0,1.0,1.0,1.0,1.0,1.0,1.0,46.0,175622.0,11.0,40.0])"
"(84,[0,8,23,27,42,46,50,51,78,79,80,81,83],[1.0,1.0,1.0,1.0,1.0,1.0,1.0,1.0,46.0,176026.0,13.0,27828.0,50.0])"
"(84,[0,6,23,29,42,46,50,51,78,79,80,83],[1.0,1.0,1.0,1.0,1.0,1.0,1.0,1.0,46.0,196707.0,9.0,55.0])"
"(84,[0,14,22,28,42,46,50,51,78,79,80,83],[1.0,1.0,1.0,1.0,1.0,1.0,1.0,1.0,46.0,199378.0,15.0,90.0])"
"(84,[0,7,21,29,41,50,61,78,79,80,83],[1.0,1.0,1.0,1.0,1.0,1.0,1.0,46.0,269034.0,10.0,40.0])"
"(84,[4,8,21,28,41,46,50,51,78,79,80,83],[1.0,1.0,1.0,1.0,1.0,1.0,1.0,1.0,46.0,54260.0,13.0,10.0])"
"(84,[4,9,21,27,41,46,50,51,78,79,80,83],[1.0,1.0,1.0,1.0,1.0,1.0,1.0,1.0,46.0,56841.0,14.0,45.0])"
"(84,[4,7,21,27,41,47,50,51,78,79,80,81,83],[1.0,1.0,1.0,1.0,1.0,1.0,1.0,1.0,46.0,106444.0,10.0,7688.0,38.0])"
"(84,[7,23,31,42,46,50,51,78,79,80,82,83],[1.0,1.0,1.0,1.0,1.0,1.0,1.0,47.0,131726.0,10.0,1876.0,40.0])"
"(84,[9,21,27,41,47,50,51,78,79,80,83],[1.0,1.0,1.0,1.0,1.0,1.0,1.0,47.0,471990.0,14.0,40.0])"
"(84,[2,9,21,28,41,46,50,51,78,79,80,83],[1.0,1.0,1.0,1.0,1.0,1.0,1.0,1.0,47.0,169699.0,14.0,40.0])"
"(84,[2,6,23,31,42,46,51,78,79,80,83],[1.0,1.0,1.0,1.0,1.0,1.0,1.0,47.0,171807.0,9.0,40.0])"
"(84,[0,7,24,30,42,46,51,78,79,80,83],[1.0,1.0,1.0,1.0,1.0,1.0,1.0,47.0,34307.0,10.0,35.0])"
"(84,[0,10,22,30,43,46,51,78,79,80,83],[1.0,1.0,1.0,1.0,1.0,1.0,1.0,47.0,104301.0,7.0,45.0])"
"(84,[0,6,23,35,42,46,50,51,78,79,80,83],[1.0,1.0,1.0,1.0,1.0,1.0,1.0,1.0,47.0,125892.0,9.0,40.0])"
"(84,[0,10,21,30,41,46,50,60,78,79,80,83],[1.0,1.0,1.0,1.0,1.0,1.0,1.0,1.0,47.0,200808.0,7.0,35.0])"
"(84,[0,6,21,36,41,46,50,51,78,79,80,83],[1.0,1.0,1.0,1.0,1.0,1.0,1.0,1.0,47.0,212944.0,9.0,70.0])"
"(84,[0,6,21,33,41,46,50,51,78,79,80,83],[1.0,1.0,1.0,1.0,1.0,1.0,1.0,1.0,47.0,265097.0,9.0,40.0])"
"(84,[0,12,21,29,41,46,50,51,78,79,80,83],[1.0,1.0,1.0,1.0,1.0,1.0,1.0,1.0,47.0,275967.0,6.0,35.0])"
"(84,[0,7,23,31,42,47,51,78,79,80,83],[1.0,1.0,1.0,1.0,1.0,1.0,1.0,47.0,411047.0,10.0,37.0])"
"(84,[0,12,21,33,41,46,50,51,78,79,80,83],[1.0,1.0,1.0,1.0,1.0,1.0,1.0,1.0,47.0,652784.0,6.0,40.0])"
"(84,[1,7,26,27,42,46,51,78,79,80,83],[1.0,1.0,1.0,1.0,1.0,1.0,1.0,47.0,60087.0,10.0,60.0])"
"(84,[1,6,25,27,42,46,51,78,79,80,83],[1.0,1.0,1.0,1.0,1.0,1.0,1.0,47.0,174995.0,9.0,30.0])"
"(84,[2,9,24,31,44,47,51,78,79,80,83],[1.0,1.0,1.0,1.0,1.0,1.0,1.0,48.0,67229.0,14.0,40.0])"
"(84,[2,9,21,28,41,46,50,51,78,79,80,81,83],[1.0,1.0,1.0,1.0,1.0,1.0,1.0,1.0,48.0,67716.0,14.0,7688.0,50.0])"
"(84,[0,8,21,28,41,46,50,51,78,79,80,83],[1.0,1.0,1.0,1.0,1.0,1.0,1.0,1.0,48.0,107231.0,13.0,40.0])"
"(84,[0,7,21,33,41,46,50,51,78,79,80,83],[1.0,1.0,1.0,1.0,1.0,1.0,1.0,1.0,48.0,197836.0,10.0,40.0])"
"(84,[0,8,23,27,44,46,51,78,79,80,83],[1.0,1.0,1.0,1.0,1.0,1.0,1.0,48.0,253596.0,13.0,48.0])"
"(84,[0,6,21,33,41,46,50,51,78,79,80,81,83],[1.0,1.0,1.0,1.0,1.0,1.0,1.0,1.0,48.0,279724.0,9.0,3103.0,48.0])"
"(84,[13,22,30,42,47,50,51,78,79,80,83],[1.0,1.0,1.0,1.0,1.0,1.0,1.0,49.0,77443.0,4.0,20.0])"
"(84,[6,21,36,41,48,50,54,78,79,80,83],[1.0,1.0,1.0,1.0,1.0,1.0,1.0,49.0,252616.0,9.0,40.0])"
"(84,[2,6,21,30,46,50,73,78,79,80,83],[1.0,1.0,1.0,1.0,1.0,1.0,1.0,49.0,126754.0,9.0,40.0])"
"(84,[0,6,21,27,41,46,50,51,78,79,80,82,83],[1.0,1.0,1.0,1.0,1.0,1.0,1.0,1.0,49.0,27898.0,9.0,1977.0,55.0])"
"(84,[0,6,23,35,42,46,51,78,79,80,83],[1.0,1.0,1.0,1.0,1.0,1.0,1.0,49.0,112761.0,9.0,40.0])"
"(84,[0,8,21,27,41,46,50,51,78,79,80,83],[1.0,1.0,1.0,1.0,1.0,1.0,1.0,1.0,49.0,132576.0,13.0,50.0])"
"(84,[0,6,21,31,41,46,50,51,78,79,80,81,83],[1.0,1.0,1.0,1.0,1.0,1.0,1.0,1.0,49.0,139571.0,9.0,4064.0,40.0])"
"(84,[0,13,21,33,41,47,50,51,78,79,80,83],[1.0,1.0,1.0,1.0,1.0,1.0,1.0,1.0,49.0,171128.0,4.0,40.0])"
"(84,[0,6,24,31,44,46,51,78,79,80,83],[1.0,1.0,1.0,1.0,1.0,1.0,1.0,49.0,177543.0,9.0,35.0])"
"(84,[0,14,21,32,41,46,50,51,78,79,80,83],[1.0,1.0,1.0,1.0,1.0,1.0,1.0,1.0,49.0,186256.0,15.0,40.0])"
"(84,[0,6,23,31,44,47,51,78,79,80,83],[1.0,1.0,1.0,1.0,1.0,1.0,1.0,49.0,220618.0,9.0,37.0])"
"(84,[0,9,21,27,41,46,50,51,78,79,80,81,83],[1.0,1.0,1.0,1.0,1.0,1.0,1.0,1.0,49.0,380922.0,14.0,15024.0,80.0])"
"(84,[1,6,21,37,41,46,50,51,78,79,80,83],[1.0,1.0,1.0,1.0,1.0,1.0,1.0,1.0,49.0,39140.0,9.0,60.0])"
"(84,[3,6,21,34,41,47,50,59,78,79,80,83],[1.0,1.0,1.0,1.0,1.0,1.0,1.0,1.0,50.0,137632.0,9.0,45.0])"
"(84,[2,6,24,27,44,47,51,78,79,80,81,83],[1.0,1.0,1.0,1.0,1.0,1.0,1.0,50.0,105788.0,9.0,6497.0,35.0])"
"(84,[0,6,21,33,41,46,50,51,78,79,80,83],[1.0,1.0,1.0,1.0,1.0,1.0,1.0,1.0,50.0,44728.0,9.0,40.0])"
"(84,[0,6,21,33,41,46,50,51,78,79,80,82,83],[1.0,1.0,1.0,1.0,1.0,1.0,1.0,1.0,50.0,69345.0,9.0,1902.0,44.0])"
"(84,[0,7,21,27,45,46,51,78,79,80,83],[1.0,1.0,1.0,1.0,1.0,1.0,1.0,50.0,109937.0,10.0,50.0])"
"(84,[0,13,21,33,41,46,50,51,78,79,80,83],[1.0,1.0,1.0,1.0,1.0,1.0,1.0,1.0,50.0,114564.0,4.0,20.0])"
"(84,[0,6,25,31,42,49,51,78,79,80,83],[1.0,1.0,1.0,1.0,1.0,1.0,1.0,50.0,116814.0,9.0,40.0])"
"(84,[0,6,23,30,42,46,51,78,79,80,83],[1.0,1.0,1.0,1.0,1.0,1.0,1.0,50.0,131819.0,9.0,40.0])"
"(84,[0,8,23,28,46,51,78,79,80,83],[1.0,1.0,1.0,1.0,1.0,1.0,50.0,138193.0,13.0,50.0])"
"(84,[0,9,21,27,41,46,50,51,78,79,80,83],[1.0,1.0,1.0,1.0,1.0,1.0,1.0,1.0,50.0,148431.0,14.0,55.0])"
"(84,[0,11,21,28,41,46,50,51,78,79,80,83],[1.0,1.0,1.0,1.0,1.0,1.0,1.0,1.0,50.0,175029.0,11.0,40.0])"
"(84,[0,9,21,38,41,46,50,51,78,79,80,83],[1.0,1.0,1.0,1.0,1.0,1.0,1.0,1.0,50.0,197826.0,14.0,40.0])"
"(84,[5,6,21,27,41,46,50,51,78,79,80,83],[1.0,1.0,1.0,1.0,1.0,1.0,1.0,1.0,50.0,145714.0,9.0,60.0])"
"(84,[5,7,21,32,41,46,50,51,78,79,80,83],[1.0,1.0,1.0,1.0,1.0,1.0,1.0,1.0,50.0,155965.0,10.0,55.0])"
"(84,[1,14,21,28,41,46,50,51,78,79,80,81,83],[1.0,1.0,1.0,1.0,1.0,1.0,1.0,1.0,50.0,165001.0,15.0,99999.0,80.0])"
"(84,[4,8,21,29,41,46,50,51,78,79,80,83],[1.0,1.0,1.0,1.0,1.0,1.0,1.0,1.0,50.0,137815.0,13.0,40.0])"
"(84,[4,6,21,30,45,46,51,78,79,80,83],[1.0,1.0,1.0,1.0,1.0,1.0,1.0,50.0,196900.0,9.0,39.0])"
"(84,[3,7,21,34,45,46,51,78,79,80,83],[1.0,1.0,1.0,1.0,1.0,1.0,1.0,51.0,189762.0,10.0,18.0])"
"(84,[2,7,21,39,41,46,50,51,78,79,80,83],[1.0,1.0,1.0,1.0,1.0,1.0,1.0,1.0,51.0,174861.0,10.0,40.0])"
"(84,[2,8,21,36,41,47,50,51,78,79,80,83],[1.0,1.0,1.0,1.0,1.0,1.0,1.0,1.0,51.0,248327.0,13.0,40.0])"
"(84,[0,7,23,29,42,46,50,51,78,79,80,83],[1.0,1.0,1.0,1.0,1.0,1.0,1.0,1.0,51.0,43354.0,10.0,42.0])"
"(84,[0,6,21,29,41,46,50,51,78,79,80,83],[1.0,1.0,1.0,1.0,1.0,1.0,1.0,1.0,51.0,85382.0,9.0,55.0])"
"(84,[0,7,23,32,42,46,51,78,79,80,83],[1.0,1.0,1.0,1.0,1.0,1.0,1.0,51.0,85942.0,10.0,32.0])"
"(84,[0,13,21,28,41,46,50,51,78,79,80,83],[1.0,1.0,1.0,1.0,1.0,1.0,1.0,1.0,51.0,128338.0,4.0,40.0])"
"(84,[0,8,21,28,41,46,50,51,78,79,80,83],[1.0,1.0,1.0,1.0,1.0,1.0,1.0,1.0,51.0,144284.0,13.0,40.0])"
"(84,[0,6,23,28,44,47,53,78,79,80,83],[1.0,1.0,1.0,1.0,1.0,1.0,1.0,51.0,190678.0,9.0,40.0])"
"(84,[0,7,24,31,42,47,50,51,78,79,80,81,83],[1.0,1.0,1.0,1.0,1.0,1.0,1.0,1.0,51.0,217480.0,10.0,8614.0,40.0])"
"(84,[5,7,21,29,41,46,50,51,78,79,80,82,83],[1.0,1.0,1.0,1.0,1.0,1.0,1.0,1.0,51.0,335902.0,10.0,1672.0,55.0])"
"(84,[1,6,21,32,41,48,50,78,79,80,81,83],[1.0,1.0,1.0,1.0,1.0,1.0,1.0,51.0,136708.0,9.0,3103.0,84.0])"
"(84,[4,6,23,27,42,46,50,51,78,79,80,83],[1.0,1.0,1.0,1.0,1.0,1.0,1.0,1.0,51.0,22211.0,9.0,37.0])"
"(84,[2,6,25,31,44,46,51,78,79,80,83],[1.0,1.0,1.0,1.0,1.0,1.0,1.0,52.0,155233.0,9.0,28.0])"
"(84,[2,11,21,27,41,46,50,51,78,79,80,83],[1.0,1.0,1.0,1.0,1.0,1.0,1.0,1.0,52.0,266138.0,11.0,35.0])"
"(84,[0,7,21,38,41,46,50,51,78,79,80,81,83],[1.0,1.0,1.0,1.0,1.0,1.0,1.0,1.0,52.0,152373.0,10.0,5013.0,40.0])"
"(84,[0,20,23,37,42,47,50,51,78,79,80,83],[1.0,1.0,1.0,1.0,1.0,1.0,1.0,1.0,52.0,157413.0,2.0,40.0])"
"(84,[0,19,21,33,41,46,50,51,78,79,80,82,83],[1.0,1.0,1.0,1.0,1.0,1.0,1.0,1.0,52.0,163051.0,8.0,1628.0,40.0])"
"(84,[0,6,21,36,41,46,50,51,78,79,80,83],[1.0,1.0,1.0,1.0,1.0,1.0,1.0,1.0,52.0,165001.0,9.0,60.0])"
"(84,[0,7,23,31,42,47,51,78,79,80,83],[1.0,1.0,1.0,1.0,1.0,1.0,1.0,52.0,166419.0,10.0,37.0])"
"(84,[0,6,25,31,44,47,51,78,79,80,83],[1.0,1.0,1.0,1.0,1.0,1.0,1.0,52.0,225339.0,9.0,35.0])"
"(84,[0,7,24,32,46,51,78,79,80,83],[1.0,1.0,1.0,1.0,1.0,1.0,52.0,305090.0,10.0,55.0])"
"(84,[5,8,22,27,42,46,50,51,78,79,80,83],[1.0,1.0,1.0,1.0,1.0,1.0,1.0,1.0,52.0,168539.0,13.0,40.0])"
"(84,[5,6,21,32,41,46,50,51,78,79,80,83],[1.0,1.0,1.0,1.0,1.0,1.0,1.0,1.0,52.0,311259.0,9.0,40.0])"
"(84,[3,6,21,34,41,46,50,51,78,79,80,83],[1.0,1.0,1.0,1.0,1.0,1.0,1.0,1.0,53.0,237868.0,9.0,35.0])"
"(84,[2,7,21,27,41,46,50,51,78,79,80,83],[1.0,1.0,1.0,1.0,1.0,1.0,1.0,1.0,53.0,139671.0,10.0,50.0])"
"(84,[2,6,21,27,41,46,50,51,78,79,80,83],[1.0,1.0,1.0,1.0,1.0,1.0,1.0,1.0,53.0,169719.0,9.0,40.0])"
"(84,[0,7,21,36,41,46,50,51,78,79,80,83],[1.0,1.0,1.0,1.0,1.0,1.0,1.0,1.0,53.0,85423.0,10.0,40.0])"
"(84,[0,8,23,31,44,46,51,78,79,80,83],[1.0,1.0,1.0,1.0,1.0,1.0,1.0,53.0,170701.0,13.0,40.0])"
"(84,[5,14,21,28,41,48,50,66,78,79,80,81,83],[1.0,1.0,1.0,1.0,1.0,1.0,1.0,1.0,53.0,94214.0,15.0,7298.0,50.0])"
"(84,[1,8,21,29,41,46,50,51,78,79,80,83],[1.0,1.0,1.0,1.0,1.0,1.0,1.0,1.0,53.0,99516.0,13.0,40.0])"
"(84,[1,6,21,29,41,46,50,51,78,79,80,83],[1.0,1.0,1.0,1.0,1.0,1.0,1.0,1.0,53.0,317313.0,9.0,48.0])"
"(84,[0,8,21,32,41,46,50,51,78,79,80,83],[1.0,1.0,1.0,1.0,1.0,1.0,1.0,1.0,54.0,53833.0,13.0,50.0])"
"(84,[0,6,23,35,42,46,50,51,78,79,80,83],[1.0,1.0,1.0,1.0,1.0,1.0,1.0,1.0,54.0,59840.0,9.0,45.0])"
"(84,[0,6,21,29,41,46,50,51,78,79,80,83],[1.0,1.0,1.0,1.0,1.0,1.0,1.0,1.0,54.0,99516.0,9.0,35.0])"
"(84,[0,6,25,36,42,46,50,51,78,79,80,83],[1.0,1.0,1.0,1.0,1.0,1.0,1.0,1.0,54.0,162238.0,9.0,45.0])"
"(84,[0,6,21,33,45,46,51,78,79,80,83],[1.0,1.0,1.0,1.0,1.0,1.0,1.0,54.0,174806.0,9.0,40.0])"
"(84,[0,7,21,36,41,46,50,51,78,79,80,81,83],[1.0,1.0,1.0,1.0,1.0,1.0,1.0,1.0,54.0,186272.0,10.0,3908.0,50.0])"
"(84,[0,6,21,33,41,46,50,51,78,79,80,83],[1.0,1.0,1.0,1.0,1.0,1.0,1.0,1.0,54.0,226497.0,9.0,40.0])"
"(84,[0,6,21,28,41,46,50,51,78,79,80,82,83],[1.0,1.0,1.0,1.0,1.0,1.0,1.0,1.0,54.0,236157.0,9.0,1887.0,40.0])"
"(84,[0,13,21,29,41,46,50,51,78,79,80,83],[1.0,1.0,1.0,1.0,1.0,1.0,1.0,1.0,54.0,279337.0,4.0,40.0])"
"(84,[0,6,21,35,41,46,50,51,78,79,80,83],[1.0,1.0,1.0,1.0,1.0,1.0,1.0,1.0,54.0,307973.0,9.0,40.0])"
"(84,[0,12,21,30,41,47,50,51,78,79,80,83],[1.0,1.0,1.0,1.0,1.0,1.0,1.0,1.0,54.0,333301.0,6.0,40.0])"
"(84,[0,9,21,28,41,46,50,51,78,79,80,83],[1.0,1.0,1.0,1.0,1.0,1.0,1.0,1.0,54.0,387540.0,14.0,45.0])"
"(84,[0,6,21,38,41,47,50,58,78,79,80,83],[1.0,1.0,1.0,1.0,1.0,1.0,1.0,1.0,54.0,409173.0,9.0,50.0])"
"(84,[5,14,21,28,41,46,50,51,78,79,80,81,83],[1.0,1.0,1.0,1.0,1.0,1.0,1.0,1.0,54.0,159219.0,15.0,99999.0,40.0])"
"(84,[1,7,21,32,41,46,50,51,78,79,80,83],[1.0,1.0,1.0,1.0,1.0,1.0,1.0,1.0,54.0,399705.0,10.0,55.0])"
"(84,[0,13,21,29,41,46,50,51,78,79,80,83],[1.0,1.0,1.0,1.0,1.0,1.0,1.0,1.0,55.0,104996.0,4.0,10.0])"
"(84,[0,9,22,27,44,48,66,78,79,80,83],[1.0,1.0,1.0,1.0,1.0,1.0,1.0,55.0,119751.0,14.0,50.0])"
"(84,[0,8,21,27,41,46,50,51,78,79,80,81,83],[1.0,1.0,1.0,1.0,1.0,1.0,1.0,1.0,55.0,124771.0,13.0,15024.0,50.0])"
"(84,[0,8,21,28,41,46,50,51,78,79,80,83],[1.0,1.0,1.0,1.0,1.0,1.0,1.0,1.0,55.0,139834.0,13.0,40.0])"
"(84,[0,6,21,32,41,46,50,51,78,79,80,83],[1.0,1.0,1.0,1.0,1.0,1.0,1.0,1.0,55.0,160631.0,9.0,56.0])"
"(84,[0,7,21,27,41,46,50,51,78,79,80,83],[1.0,1.0,1.0,1.0,1.0,1.0,1.0,1.0,55.0,192869.0,10.0,36.0])"
"(84,[0,6,21,29,41,46,50,51,78,79,80,83],[1.0,1.0,1.0,1.0,1.0,1.0,1.0,1.0,55.0,197399.0,9.0,50.0])"
"(84,[0,8,22,27,42,46,51,78,79,80,83],[1.0,1.0,1.0,1.0,1.0,1.0,1.0,55.0,202652.0,13.0,35.0])"
"(84,[0,7,21,27,41,46,50,51,78,79,80,81,83],[1.0,1.0,1.0,1.0,1.0,1.0,1.0,1.0,55.0,323887.0,10.0,15024.0,45.0])"
"(84,[0,13,21,36,41,46,50,51,78,79,80,83],[1.0,1.0,1.0,1.0,1.0,1.0,1.0,1.0,55.0,353881.0,4.0,50.0])"
"(84,[1,6,21,29,41,46,50,51,78,79,80,82,83],[1.0,1.0,1.0,1.0,1.0,1.0,1.0,1.0,55.0,105239.0,9.0,2057.0,60.0])"
"(84,[1,7,23,33,42,46,50,51,78,79,80,83],[1.0,1.0,1.0,1.0,1.0,1.0,1.0,1.0,55.0,126840.0,10.0,40.0])"
"(84,[2,15,21,38,41,46,50,51,78,79,80,83],[1.0,1.0,1.0,1.0,1.0,1.0,1.0,1.0,56.0,38573.0,12.0,45.0])"
"(84,[0,7,21,36,41,47,50,51,78,79,80,83],[1.0,1.0,1.0,1.0,1.0,1.0,1.0,1.0,56.0,140136.0,10.0,35.0])"
"(84,[0,7,23,32,44,46,51,78,79,80,83],[1.0,1.0,1.0,1.0,1.0,1.0,1.0,56.0,187355.0,10.0,40.0])"
"(84,[0,12,25,30,44,46,51,78,79,80,83],[1.0,1.0,1.0,1.0,1.0,1.0,1.0,56.0,197875.0,6.0,40.0])"
"(84,[0,16,21,29,41,46,50,51,78,79,80,81,83],[1.0,1.0,1.0,1.0,1.0,1.0,1.0,1.0,56.0,225927.0,5.0,2580.0,40.0])"
"(84,[0,6,21,38,41,46,50,51,78,79,80,83],[1.0,1.0,1.0,1.0,1.0,1.0,1.0,1.0,56.0,249751.0,9.0,40.0])"
"(84,[5,6,25,27,42,46,51,78,79,80,83],[1.0,1.0,1.0,1.0,1.0,1.0,1.0,56.0,131916.0,9.0,50.0])"
"(84,[5,8,21,27,41,46,50,51,78,79,80,83],[1.0,1.0,1.0,1.0,1.0,1.0,1.0,1.0,56.0,170287.0,13.0,40.0])"
"(84,[5,7,21,27,41,46,50,51,78,79,80,81,83],[1.0,1.0,1.0,1.0,1.0,1.0,1.0,1.0,56.0,321529.0,10.0,15024.0,40.0])"
"(84,[1,9,21,28,41,46,50,51,78,79,80,83],[1.0,1.0,1.0,1.0,1.0,1.0,1.0,1.0,56.0,174564.0,14.0,60.0])"
"(84,[1,10,25,30,44,46,51,78,79,80,83],[1.0,1.0,1.0,1.0,1.0,1.0,1.0,56.0,186651.0,7.0,50.0])"
"(84,[1,8,21,27,41,46,50,63,78,79,80,83],[1.0,1.0,1.0,1.0,1.0,1.0,1.0,1.0,56.0,233312.0,13.0,20.0])"
"(84,[4,7,21,27,41,46,50,51,78,79,80,83],[1.0,1.0,1.0,1.0,1.0,1.0,1.0,1.0,56.0,133728.0,10.0,35.0])"
"(84,[8,21,27,45,46,51,78,79,80,83],[1.0,1.0,1.0,1.0,1.0,1.0,57.0,223892.0,13.0,40.0])"
"(84,[0,8,23,29,42,46,50,51,78,79,80,83],[1.0,1.0,1.0,1.0,1.0,1.0,1.0,1.0,57.0,26716.0,13.0,45.0])"
"(84,[0,12,23,30,42,49,51,78,79,80,83],[1.0,1.0,1.0,1.0,1.0,1.0,1.0,57.0,43290.0,6.0,20.0])"
"(84,[0,7,23,35,46,50,51,78,79,80,83],[1.0,1.0,1.0,1.0,1.0,1.0,1.0,57.0,50223.0,10.0,25.0])"
"(84,[0,6,21,29,41,46,50,51,78,79,80,83],[1.0,1.0,1.0,1.0,1.0,1.0,1.0,1.0,57.0,78020.0,9.0,40.0])"
"(84,[0,12,22,30,42,46,50,51,78,79,80,83],[1.0,1.0,1.0,1.0,1.0,1.0,1.0,1.0,57.0,111385.0,6.0,40.0])"
"(84,[0,11,22,30,43,46,51,78,79,80,83],[1.0,1.0,1.0,1.0,1.0,1.0,1.0,57.0,186361.0,11.0,40.0])"
"(84,[0,6,21,29,41,47,50,51,78,79,80,83],[1.0,1.0,1.0,1.0,1.0,1.0,1.0,1.0,57.0,244478.0,9.0,48.0])"
"(84,[0,12,24,27,42,46,50,51,78,79,80,83],[1.0,1.0,1.0,1.0,1.0,1.0,1.0,1.0,57.0,453233.0,6.0,55.0])"
"(84,[1,7,21,27,41,46,50,51,78,79,80,83],[1.0,1.0,1.0,1.0,1.0,1.0,1.0,1.0,57.0,27385.0,10.0,48.0])"
"(84,[3,6,21,34,41,46,50,51,78,79,80,83],[1.0,1.0,1.0,1.0,1.0,1.0,1.0,1.0,58.0,299831.0,9.0,35.0])"
"(84,[0,8,21,28,41,46,50,51,78,79,80,83],[1.0,1.0,1.0,1.0,1.0,1.0,1.0,1.0,58.0,31532.0,13.0,40.0])"
"(84,[0,12,21,36,41,46,50,51,78,79,80,83],[1.0,1.0,1.0,1.0,1.0,1.0,1.0,1.0,58.0,65325.0,6.0,40.0])"
"(84,[0,8,23,27,42,46,50,51,78,79,80,83],[1.0,1.0,1.0,1.0,1.0,1.0,1.0,1.0,58.0,199067.0,13.0,65.0])"
"(84,[5,8,21,29,41,46,50,51,78,79,80,81,83],[1.0,1.0,1.0,1.0,1.0,1.0,1.0,1.0,58.0,204021.0,13.0,15024.0,50.0])"
"(84,[1,11,21,37,41,46,50,51,78,79,80,82,83],[1.0,1.0,1.0,1.0,1.0,1.0,1.0,1.0,58.0,25124.0,11.0,2377.0,65.0])"
"(84,[1,17,27,45,46,51,78,79,80,82,83],[1.0,1.0,1.0,1.0,1.0,1.0,58.0,112076.0,16.0,1485.0,35.0])"
"(84,[1,17,21,28,41,46,50,51,78,79,80,83],[1.0,1.0,1.0,1.0,1.0,1.0,1.0,1.0,58.0,159021.0,16.0,16.0])"
"(84,[1,7,21,27,41,46,50,51,78,79,80,83],[1.0,1.0,1.0,1.0,1.0,1.0,1.0,1.0,58.0,237546.0,10.0,70.0])"
"(84,[1,16,25,30,42,46,51,78,79,80,83],[1.0,1.0,1.0,1.0,1.0,1.0,1.0,58.0,301568.0,5.0,40.0])"
"(84,[4,8,21,31,45,46,51,78,79,80,83],[1.0,1.0,1.0,1.0,1.0,1.0,1.0,58.0,179089.0,13.0,40.0])"
"(84,[4,9,21,27,41,46,50,51,78,79,80,81,83],[1.0,1.0,1.0,1.0,1.0,1.0,1.0,1.0,58.0,191318.0,14.0,15024.0,40.0])"
"(84,[3,6,25,34,44,47,51,78,79,80,83],[1.0,1.0,1.0,1.0,1.0,1.0,1.0,59.0,179078.0,9.0,40.0])"
"(84,[8,23,31,42,46,50,51,78,79,80,83],[1.0,1.0,1.0,1.0,1.0,1.0,1.0,59.0,98984.0,13.0,40.0])"
"(84,[2,10,21,30,41,46,50,51,78,79,80,83],[1.0,1.0,1.0,1.0,1.0,1.0,1.0,1.0,59.0,75785.0,7.0,40.0])"
"(84,[2,14,21,27,41,46,50,51,78,79,80,83],[1.0,1.0,1.0,1.0,1.0,1.0,1.0,1.0,59.0,240030.0,15.0,40.0])"
"(84,[2,12,25,28,44,46,51,78,79,80,83],[1.0,1.0,1.0,1.0,1.0,1.0,1.0,59.0,662460.0,6.0,15.0])"
"(84,[0,6,21,36,41,46,50,51,78,79,80,83],[1.0,1.0,1.0,1.0,1.0,1.0,1.0,1.0,59.0,109567.0,9.0,55.0])"
"(84,[0,6,23,30,42,46,51,78,79,80,83],[1.0,1.0,1.0,1.0,1.0,1.0,1.0,59.0,113838.0,9.0,40.0])"
"(84,[0,6,23,30,42,46,51,78,79,80,83],[1.0,1.0,1.0,1.0,1.0,1.0,1.0,59.0,128829.0,9.0,40.0])"
"(84,[0,6,21,36,41,46,50,51,78,79,80,83],[1.0,1.0,1.0,1.0,1.0,1.0,1.0,1.0,59.0,272087.0,9.0,40.0])"
"(84,[0,8,22,27,42,46,51,78,79,80,83],[1.0,1.0,1.0,1.0,1.0,1.0,1.0,59.0,292946.0,13.0,25.0])"
"(84,[5,14,21,28,41,46,50,51,78,79,80,81,83],[1.0,1.0,1.0,1.0,1.0,1.0,1.0,1.0,59.0,77816.0,15.0,99999.0,40.0])"
"(84,[3,8,21,34,41,46,50,51,78,79,80,83],[1.0,1.0,1.0,1.0,1.0,1.0,1.0,1.0,60.0,164730.0,13.0,40.0])"
"(84,[0,7,23,31,46,51,78,79,80,83],[1.0,1.0,1.0,1.0,1.0,1.0,60.0,209844.0,10.0,40.0])"
"(84,[0,6,21,35,41,46,50,51,78,79,80,83],[1.0,1.0,1.0,1.0,1.0,1.0,1.0,1.0,60.0,266983.0,9.0,32.0])"
"(84,[1,17,23,32,42,46,50,51,78,79,80,83],[1.0,1.0,1.0,1.0,1.0,1.0,1.0,1.0,60.0,121076.0,16.0,20.0])"
"(84,[1,16,21,27,41,46,50,51,78,79,80,82,83],[1.0,1.0,1.0,1.0,1.0,1.0,1.0,1.0,60.0,123190.0,5.0,1887.0,67.0])"
"(84,[3,6,21,34,41,46,50,51,78,79,80,83],[1.0,1.0,1.0,1.0,1.0,1.0,1.0,1.0,61.0,195789.0,9.0,40.0])"
"(84,[7,21,36,41,47,50,51,78,79,80,83],[1.0,1.0,1.0,1.0,1.0,1.0,1.0,61.0,512864.0,10.0,40.0])"
"(84,[0,19,21,27,41,46,50,51,78,79,80,83],[1.0,1.0,1.0,1.0,1.0,1.0,1.0,1.0,61.0,21175.0,8.0,60.0])"
"(84,[0,8,23,32,44,46,50,51,78,79,80,83],[1.0,1.0,1.0,1.0,1.0,1.0,1.0,1.0,61.0,93997.0,13.0,40.0])"
"(84,[0,7,21,27,41,46,50,51,78,79,80,81,83],[1.0,1.0,1.0,1.0,1.0,1.0,1.0,1.0,61.0,142988.0,10.0,15024.0,45.0])"
"(84,[3,6,21,34,41,46,50,51,78,79,80,81,83],[1.0,1.0,1.0,1.0,1.0,1.0,1.0,1.0,62.0,103575.0,9.0,5178.0,40.0])"
"(84,[7,23,38,42,47,50,51,78,79,80,81,83],[1.0,1.0,1.0,1.0,1.0,1.0,1.0,62.0,57629.0,10.0,4650.0,40.0])"
"(84,[0,6,21,27,41,46,50,51,78,79,80,83],[1.0,1.0,1.0,1.0,1.0,1.0,1.0,1.0,62.0,159822.0,9.0,50.0])"
"(84,[0,19,21,27,41,46,50,51,78,79,80,83],[1.0,1.0,1.0,1.0,1.0,1.0,1.0,1.0,62.0,177493.0,8.0,30.0])"
"(84,[5,11,21,27,41,46,50,51,78,79,80,81,83],[1.0,1.0,1.0,1.0,1.0,1.0,1.0,1.0,62.0,153891.0,11.0,3137.0,40.0])"
"(84,[1,9,21,28,41,46,50,51,78,79,80,83],[1.0,1.0,1.0,1.0,1.0,1.0,1.0,1.0,62.0,71467.0,14.0,40.0])"
"(84,[1,7,21,36,41,46,50,51,78,79,80,83],[1.0,1.0,1.0,1.0,1.0,1.0,1.0,1.0,62.0,177493.0,10.0,32.0])"
"(84,[1,6,21,31,45,46,51,78,79,80,83],[1.0,1.0,1.0,1.0,1.0,1.0,1.0,62.0,369734.0,9.0,40.0])"
"(84,[4,14,23,28,42,46,51,78,79,80,83],[1.0,1.0,1.0,1.0,1.0,1.0,1.0,62.0,312286.0,15.0,35.0])"
"(84,[3,6,21,34,41,46,50,51,78,79,80,83],[1.0,1.0,1.0,1.0,1.0,1.0,1.0,1.0,63.0,156158.0,9.0,16.0])"
"(84,[2,16,21,36,41,46,50,51,78,79,80,81,83],[1.0,1.0,1.0,1.0,1.0,1.0,1.0,1.0,63.0,65479.0,5.0,7688.0,40.0])"
"(84,[0,6,21,29,41,46,50,51,78,79,80,83],[1.0,1.0,1.0,1.0,1.0,1.0,1.0,1.0,63.0,145985.0,9.0,40.0])"
"(84,[0,18,22,40,42,46,53,78,79,80,83],[1.0,1.0,1.0,1.0,1.0,1.0,1.0,63.0,156120.0,3.0,50.0])"
"(84,[0,12,21,35,41,46,50,51,78,79,80,83],[1.0,1.0,1.0,1.0,1.0,1.0,1.0,1.0,63.0,214071.0,6.0,40.0])"
"(84,[0,16,21,35,41,46,50,51,78,79,80,83],[1.0,1.0,1.0,1.0,1.0,1.0,1.0,1.0,63.0,281025.0,5.0,32.0])"
"(84,[1,14,21,28,41,46,50,51,78,79,80,81,83],[1.0,1.0,1.0,1.0,1.0,1.0,1.0,1.0,63.0,104626.0,15.0,3103.0,32.0])"
"(84,[3,7,21,34,41,46,50,51,78,79,80,83],[1.0,1.0,1.0,1.0,1.0,1.0,1.0,1.0,64.0,201368.0,10.0,8.0])"
"(84,[0,21,35,41,48,50,54,78,79,80,83],[1.0,1.0,1.0,1.0,1.0,1.0,1.0,64.0,86837.0,1.0,40.0])"
"(84,[0,7,21,27,45,46,51,78,79,80,83],[1.0,1.0,1.0,1.0,1.0,1.0,1.0,64.0,118944.0,10.0,40.0])"
"(84,[5,6,21,36,41,46,50,51,78,79,80,83],[1.0,1.0,1.0,1.0,1.0,1.0,1.0,1.0,64.0,115931.0,9.0,50.0])"
"(84,[1,17,21,28,41,46,50,53,78,79,80,81,83],[1.0,1.0,1.0,1.0,1.0,1.0,1.0,1.0,64.0,71807.0,16.0,15024.0,50.0])"
"(84,[4,20,21,37,41,50,60,78,79,80,83],[1.0,1.0,1.0,1.0,1.0,1.0,1.0,64.0,107732.0,2.0,45.0])"
"(84,[3,10,21,34,41,46,50,51,78,79,80,83],[1.0,1.0,1.0,1.0,1.0,1.0,1.0,1.0,65.0,190454.0,7.0,29.0])"
"(84,[3,6,21,34,41,46,50,51,78,79,80,83],[1.0,1.0,1.0,1.0,1.0,1.0,1.0,1.0,65.0,191846.0,9.0,40.0])"
"(84,[0,20,21,35,41,50,53,78,79,80,83],[1.0,1.0,1.0,1.0,1.0,1.0,1.0,65.0,88145.0,2.0,40.0])"
"(84,[1,13,22,37,42,46,50,51,78,79,80,81,83],[1.0,1.0,1.0,1.0,1.0,1.0,1.0,1.0,65.0,72776.0,4.0,2964.0,40.0])"
"(84,[1,6,21,37,41,46,50,51,78,79,80,83],[1.0,1.0,1.0,1.0,1.0,1.0,1.0,1.0,65.0,178878.0,9.0,48.0])"
"(84,[0,13,23,30,48,54,78,79,80,83],[1.0,1.0,1.0,1.0,1.0,1.0,66.0,22502.0,4.0,40.0])"
"(84,[0,6,21,27,41,46,50,51,78,79,80,81,83],[1.0,1.0,1.0,1.0,1.0,1.0,1.0,1.0,66.0,275918.0,9.0,10605.0,40.0])"
"(84,[1,8,21,28,41,46,50,51,78,79,80,83],[1.0,1.0,1.0,1.0,1.0,1.0,1.0,1.0,66.0,183249.0,13.0,20.0])"
"(84,[4,6,21,33,45,46,51,78,79,80,81,83],[1.0,1.0,1.0,1.0,1.0,1.0,1.0,66.0,148380.0,9.0,1424.0,10.0])"
"(84,[0,19,21,33,41,47,50,56,78,79,80,83],[1.0,1.0,1.0,1.0,1.0,1.0,1.0,1.0,67.0,53874.0,8.0,40.0])"
"(84,[5,7,21,32,41,46,50,51,78,79,80,83],[1.0,1.0,1.0,1.0,1.0,1.0,1.0,1.0,67.0,51415.0,10.0,40.0])"
"(84,[5,6,21,32,41,46,50,51,78,79,80,83],[1.0,1.0,1.0,1.0,1.0,1.0,1.0,1.0,69.0,174379.0,9.0,30.0])"
"(84,[0,16,21,27,41,46,50,51,78,79,80,83],[1.0,1.0,1.0,1.0,1.0,1.0,1.0,1.0,70.0,142851.0,5.0,18.0])"
"(84,[0,6,21,29,41,46,50,51,78,79,80,81,83],[1.0,1.0,1.0,1.0,1.0,1.0,1.0,1.0,70.0,573446.0,9.0,1455.0,40.0])"
"(84,[1,13,21,29,41,46,50,51,78,79,80,83],[1.0,1.0,1.0,1.0,1.0,1.0,1.0,1.0,70.0,323987.0,4.0,8.0])"
"(84,[1,6,21,37,41,46,50,51,78,79,80,83],[1.0,1.0,1.0,1.0,1.0,1.0,1.0,1.0,71.0,28865.0,9.0,15.0])"
"(84,[3,13,23,34,42,46,51,78,79,80,83],[1.0,1.0,1.0,1.0,1.0,1.0,1.0,72.0,132015.0,4.0,6.0])"
"(84,[1,14,22,28,42,46,50,51,78,79,80,82,83],[1.0,1.0,1.0,1.0,1.0,1.0,1.0,1.0,72.0,243769.0,15.0,1429.0,20.0])"
"(84,[3,7,21,34,41,46,50,51,78,79,80,83],[1.0,1.0,1.0,1.0,1.0,1.0,1.0,1.0,73.0,73402.0,10.0,10.0])"
"(84,[3,6,21,34,41,46,50,51,78,79,80,83],[1.0,1.0,1.0,1.0,1.0,1.0,1.0,1.0,73.0,145748.0,9.0,8.0])"
"(84,[0,6,23,27,42,46,51,78,79,80,83],[1.0,1.0,1.0,1.0,1.0,1.0,1.0,73.0,88594.0,9.0,35.0])"
"(84,[0,18,21,27,41,46,50,51,78,79,80,83],[1.0,1.0,1.0,1.0,1.0,1.0,1.0,1.0,73.0,113446.0,3.0,54.0])"
"(84,[1,7,25,37,42,46,51,78,79,80,83],[1.0,1.0,1.0,1.0,1.0,1.0,1.0,73.0,151255.0,10.0,75.0])"
"(84,[1,13,21,37,41,46,50,51,78,79,80,83],[1.0,1.0,1.0,1.0,1.0,1.0,1.0,1.0,73.0,214498.0,4.0,12.0])"
"(84,[3,12,26,34,42,46,51,78,79,80,83],[1.0,1.0,1.0,1.0,1.0,1.0,1.0,75.0,26586.0,6.0,5.0])"
"(84,[3,7,21,34,41,46,50,51,78,79,80,83],[1.0,1.0,1.0,1.0,1.0,1.0,1.0,1.0,77.0,172744.0,10.0,35.0])"
"(84,[3,9,22,34,42,46,51,78,79,80,83],[1.0,1.0,1.0,1.0,1.0,1.0,1.0,79.0,27457.0,14.0,23.0])"
"(84,[3,13,25,34,42,46,50,51,78,79,80,83],[1.0,1.0,1.0,1.0,1.0,1.0,1.0,1.0,79.0,48574.0,4.0,40.0])"
"(84,[0,6,26,33,42,46,51,78,79,80,83],[1.0,1.0,1.0,1.0,1.0,1.0,1.0,80.0,138050.0,9.0,16.0])"
"(84,[1,6,21,30,41,46,50,51,78,79,80,83],[1.0,1.0,1.0,1.0,1.0,1.0,1.0,1.0,80.0,201092.0,9.0,30.0])"
"(84,[0,15,21,32,41,46,50,51,78,79,80,82,83],[1.0,1.0,1.0,1.0,1.0,1.0,1.0,1.0,90.0,149069.0,12.0,1825.0,50.0])"
